trade_no,side,entry_time,exit_time,entry_price,exit_price,size_usd,margin_used,pnl_usd,pnl_pct,exit_reason
1,long,2023-07-08 16:30,2023-07-08 18:00,1860.44,1859.91,665.0,18.601,-0.5884,-3.16,signal
2,short,2023-07-08 18:05,2023-07-08 19:20,1858.4,1847.7811,645.4342,18.0537,3.3008,18.28,take_profit
3,long,2023-07-08 21:45,2023-07-08 23:25,1852.6,1863.1858,755.1842,21.1236,3.862,18.28,take_profit
4,long,2023-07-08 23:25,2023-07-09 02:15,1863.42,1869.1,883.5961,24.7154,2.1632,8.75,signal
5,long,2023-07-09 05:00,2023-07-09 06:45,1868.3,1867.57,955.5219,26.7273,-0.9467,-3.54,signal
6,long,2023-07-09 11:20,2023-07-09 12:30,1867.0,1877.668,924.0454,25.8469,4.7256,18.28,take_profit
7,long,2023-07-09 12:30,2023-07-09 13:45,1875.27,1869.38,1081.1705,30.2419,-4.0445,-13.37,signal
8,short,2023-07-09 13:50,2023-07-09 21:10,1865.08,1868.43,946.6899,26.4803,-2.2684,-8.57,signal
9,long,2023-07-09 21:15,2023-07-09 21:45,1866.72,1866.76,871.2646,24.3705,-0.5041,-2.07,signal
10,short,2023-07-09 21:55,2023-07-10 00:10,1864.5,1853.8462,854.5036,23.9017,4.3699,18.28,take_profit
11,short,2023-07-10 01:45,2023-07-10 02:45,1853.03,1863.6182,999.8038,27.9659,-6.3128,-22.57,stop_loss
12,long,2023-07-10 02:45,2023-07-10 03:45,1862.77,1862.61,789.9045,22.0948,-0.5418,-2.45,signal
13,short,2023-07-10 03:50,2023-07-10 08:15,1862.05,1851.4102,771.89,21.5909,3.9474,18.28,take_profit
14,long,2023-07-10 09:15,2023-07-10 12:00,1854.75,1865.348,903.1425,25.2622,4.6187,18.28,take_profit
15,long,2023-07-10 12:00,2023-07-10 12:30,1865.82,1864.33,1056.7134,29.5578,-1.4779,-5.0,signal
16,short,2023-07-10 12:35,2023-07-10 14:00,1863.2,1863.9,1007.5734,28.1833,-0.9831,-3.49,signal
17,long,2023-07-10 14:05,2023-07-10 16:00,1864.97,1868.95,974.8857,27.2689,1.4956,5.48,signal
18,short,2023-07-10 16:05,2023-07-10 16:30,1866.86,1866.2,1024.6129,28.6599,-0.2525,-0.88,signal
19,long,2023-07-10 16:35,2023-07-10 17:35,1867.44,1868.24,1016.2163,28.425,-0.1744,-0.61,signal
20,short,2023-07-10 17:40,2023-07-10 18:15,1867.89,1869.19,1010.4178,28.2628,-1.3095,-4.63,signal
21,long,2023-07-10 18:20,2023-07-10 18:35,1871.56,1882.2541,966.8778,27.045,4.9446,18.28,take_profit
22,long,2023-07-10 18:35,2023-07-10 19:15,1881.68,1892.4319,1131.2862,31.6437,5.7854,18.28,take_profit
23,long,2023-07-10 19:20,2023-07-10 19:50,1888.88,1899.6731,1323.6507,37.0244,6.7691,18.28,take_profit
24,long,2023-07-10 19:50,2023-07-10 21:00,1897.17,1889.0,1548.7249,43.32,-7.5987,-17.54,signal
25,short,2023-07-10 21:05,2023-07-10 21:55,1891.77,1880.9604,1296.0686,36.2529,6.6281,18.28,take_profit
26,long,2023-07-10 22:15,2023-07-10 23:20,1870.91,1881.6004,1516.4528,42.4174,7.7551,18.28,take_profit
27,long,2023-07-11 01:20,2023-07-11 03:15,1879.98,1876.88,1774.3111,49.63,-3.9903,-8.04,signal
28,short,2023-07-11 03:25,2023-07-11 06:00,1875.97,1878.6,1641.6322,45.9188,-3.2865,-7.16,signal
29,long,2023-07-11 06:05,2023-07-11 06:30,1879.65,1890.3903,1532.3577,42.8622,7.8365,18.28,take_profit
30,short,2023-07-11 08:45,2023-07-11 09:20,1879.7,1868.9594,1792.9206,50.1505,9.169,18.28,take_profit
31,long,2023-07-11 14:15,2023-07-11 14:45,1864.36,1875.013,2097.7897,58.6782,10.7281,18.28,take_profit
32,long,2023-07-11 15:00,2023-07-11 15:15,1873.54,1878.66,2454.4989,68.6558,5.2349,7.62,signal
33,short,2023-07-11 15:20,2023-07-11 19:15,1874.0,1871.55,2628.5607,73.5246,1.8593,2.53,signal
34,long,2023-07-11 19:20,2023-07-11 21:00,1871.36,1873.87,2690.3841,75.2539,1.9943,2.65,signal
35,short,2023-07-11 21:05,2023-07-11 21:45,1872.66,1874.66,2756.6946,77.1087,-4.5982,-5.96,signal
36,long,2023-07-11 21:50,2023-07-12 01:05,1874.23,1884.9394,2603.8056,72.8322,13.3159,18.28,take_profit
37,long,2023-07-12 01:05,2023-07-12 01:45,1883.4,1882.86,3046.558,85.2166,-2.7014,-3.17,signal
38,short,2023-07-12 01:50,2023-07-12 05:00,1882.34,1881.25,2956.7355,82.7041,-0.0619,-0.07,signal
39,long,2023-07-12 05:05,2023-07-12 06:25,1881.67,1892.4219,2954.6775,82.6466,15.1102,18.28,take_profit
40,long,2023-07-12 07:15,2023-07-12 07:45,1890.91,1894.14,3457.0923,96.6998,3.8311,3.96,signal
41,short,2023-07-12 10:20,2023-07-12 11:45,1887.22,1887.4,3584.4749,100.2629,-2.4926,-2.49,signal
42,long,2023-07-12 11:50,2023-07-12 12:30,1890.45,1901.252,3501.597,97.9447,17.9072,18.28,take_profit
43,short,2023-07-12 13:15,2023-07-12 13:35,1892.61,1881.7956,4097.0103,114.5992,20.9521,18.28,take_profit
44,long,2023-07-12 14:30,2023-07-12 15:15,1893.45,1895.57,4793.668,134.0857,2.491,1.86,signal
45,short,2023-07-12 15:20,2023-07-12 15:50,1894.15,1883.3268,4876.4946,136.4025,24.9384,18.28,take_profit
46,short,2023-07-12 19:00,2023-07-12 19:20,1884.23,1873.4635,5705.6962,159.5965,29.1789,18.28,take_profit
47,short,2023-07-12 21:15,2023-07-13 00:00,1867.35,1871.88,6675.8957,186.7343,-20.2006,-10.82,signal
48,long,2023-07-13 00:05,2023-07-13 00:55,1873.67,1870.48,6004.2265,167.9468,-13.825,-8.23,signal
49,short,2023-07-13 03:15,2023-07-13 06:45,1869.03,1868.87,5544.546,155.0889,-2.8521,-1.84,signal
50,long,2023-07-13 06:50,2023-07-13 09:35,1870.05,1880.7355,5449.7143,152.4363,27.8698,18.28,take_profit
51,long,2023-07-13 09:35,2023-07-13 12:15,1880.86,1882.23,6376.3864,178.3566,0.8187,0.46,signal
52,short,2023-07-13 12:25,2023-07-13 12:30,1879.87,1876.5,6403.607,179.118,7.6374,4.26,signal
53,long,2023-07-13 12:35,2023-07-13 14:10,1878.0,1880.38,6657.5518,186.2212,4.4426,2.39,signal
54,long,2023-07-13 15:15,2023-07-13 15:25,1882.09,1892.8443,6805.2689,190.3531,34.8021,18.28,take_profit
55,long,2023-07-13 15:25,2023-07-13 15:30,1899.83,1910.6856,7962.4403,222.7208,40.7199,18.28,take_profit
56,long,2023-07-13 15:30,2023-07-13 15:35,1911.04,1921.9597,9316.3776,260.5924,47.644,18.28,take_profit
57,long,2023-07-13 15:35,2023-07-13 15:40,1920.4,1931.3732,10900.5391,304.9037,55.7454,18.28,take_profit
58,long,2023-07-13 15:40,2023-07-13 15:45,1933.6,1922.5514,12754.0722,356.7496,-80.5292,-22.57,stop_loss
59,long,2023-07-13 15:45,2023-07-13 16:10,1930.21,1941.2392,10076.4759,281.8534,51.5311,18.28,take_profit
60,long,2023-07-13 16:10,2023-07-13 16:20,1946.2,1957.3206,11789.8849,329.7799,60.2935,18.28,take_profit
61,long,2023-07-13 16:20,2023-07-13 16:30,1956.39,1945.2112,13794.6429,385.8559,-87.0994,-22.57,stop_loss
62,long,2023-07-13 16:30,2023-07-13 16:50,1950.11,1961.2529,10898.5886,304.8491,55.7354,18.28,take_profit
63,long,2023-07-13 16:50,2023-07-13 17:00,1957.72,1968.9064,12751.7901,356.6858,65.2127,18.28,take_profit
64,long,2023-07-13 17:15,2023-07-13 17:30,1957.61,1968.7958,14920.1109,417.3368,76.3014,18.28,take_profit
65,long,2023-07-13 17:30,2023-07-13 17:35,1971.66,1982.9261,17457.134,488.301,89.2758,18.28,take_profit
66,long,2023-07-13 17:35,2023-07-13 17:40,1992.73,1981.3435,20425.5538,571.3319,-128.9669,-22.57,stop_loss
67,long,2023-07-13 17:40,2023-07-13 18:05,1992.18,2003.5633,16137.4028,451.3862,82.5267,18.28,take_profit
68,long,2023-07-13 18:05,2023-07-13 18:10,2000.6,2012.0314,18881.4148,528.1401,96.5596,18.28,take_profit
69,long,2023-07-13 18:10,2023-07-13 18:15,2011.09,1999.5986,22092.0201,617.9454,-139.489,-22.57,stop_loss
70,long,2023-07-13 19:00,2023-07-13 19:25,1982.94,1994.2705,17454.0103,488.2136,89.2598,18.28,take_profit
71,long,2023-07-13 19:25,2023-07-13 20:30,1997.58,1989.81,20421.899,571.2297,-91.6883,-16.05,signal
72,short,2023-07-13 20:35,2023-07-13 21:00,1991.01,1979.6334,17373.2619,485.955,88.8469,18.28,take_profit
73,long,2023-07-13 23:00,2023-07-13 23:40,1993.23,2004.6193,20327.42,568.587,103.9544,18.28,take_profit
74,long,2023-07-13 23:40,2023-07-14 00:35,2008.28,2019.7553,23783.9047,665.2698,121.6309,18.28,take_profit
75,long,2023-07-14 00:35,2023-07-14 02:05,2021.6,2010.0486,27828.1317,778.3926,-175.7068,-22.57,stop_loss
76,short,2023-07-14 02:20,2023-07-14 07:30,2011.6,2000.1057,21985.8798,614.9765,112.4358,18.28,take_profit
77,short,2023-07-14 07:30,2023-07-14 07:50,2000.37,1988.9399,25724.3698,719.5474,131.5544,18.28,take_profit
78,short,2023-07-14 09:00,2023-07-14 10:30,1999.76,1988.3334,30098.5545,841.8996,153.924,18.28,take_profit
79,short,2023-07-14 10:30,2023-07-14 13:30,1989.32,1989.39,35216.5278,985.0566,-22.3691,-2.27,signal
80,long,2023-07-14 13:35,2023-07-14 13:55,1990.57,2001.9441,34472.7548,964.2522,176.2937,18.28,take_profit
81,long,2023-07-14 13:55,2023-07-14 16:20,1999.19,1998.58,40334.5193,1128.2141,-36.5077,-3.24,signal
82,short,2023-07-14 17:05,2023-07-14 17:15,1984.2,1972.8623,39120.6374,1094.2601,200.0629,18.28,take_profit
83,short,2023-07-14 17:20,2023-07-14 18:20,1969.08,1957.8287,45772.7302,1280.3287,234.0817,18.28,take_profit
84,short,2023-07-14 19:30,2023-07-14 19:50,1919.01,1908.0448,53555.9481,1498.0364,273.8851,18.28,take_profit
85,short,2023-07-14 20:15,2023-07-14 21:05,1909.61,1920.5215,62662.6283,1752.7632,-395.6518,-22.57,stop_loss
86,long,2023-07-14 21:45,2023-07-14 23:25,1921.4,1932.3789,49507.2048,1384.7872,253.1798,18.28,take_profit
87,long,2023-07-14 23:25,2023-07-15 00:30,1931.6,1931.91,57925.4347,1620.2572,-25.4589,-1.57,signal
88,short,2023-07-15 00:35,2023-07-15 00:45,1931.17,1931.06,57078.9268,1596.5791,-30.9961,-1.94,signal
89,long,2023-07-15 00:50,2023-07-15 03:00,1930.28,1930.88,56048.3057,1567.7512,-16.2072,-1.03,signal
90,long,2023-07-15 07:00,2023-07-15 08:40,1931.9,1942.9389,55509.4174,1552.6777,283.8752,18.28,take_profit
91,long,2023-07-15 08:40,2023-07-15 08:50,1941.86,1939.76,64948.2665,1816.6958,-109.2064,-6.01,signal
92,long,2023-07-15 10:00,2023-07-15 13:05,1941.41,1936.27,61317.1522,1715.1283,-199.1311,-11.61,signal
93,short,2023-07-15 13:10,2023-07-15 18:30,1935.89,1935.59,54696.0416,1529.9264,-24.3415,-1.59,signal
94,long,2023-07-15 18:35,2023-07-15 20:05,1937.72,1931.13,53886.6861,1507.2876,-215.5955,-14.3,signal
95,short,2023-07-15 20:10,2023-07-16 00:00,1931.14,1931.51,46718.1369,1306.773,-36.9819,-2.83,signal
96,long,2023-07-16 00:05,2023-07-16 02:20,1931.92,1920.881,45488.488,1272.378,-287.2143,-22.57,stop_loss
97,long,2023-07-16 02:30,2023-07-16 02:40,1920.65,1931.6246,35938.6121,1005.2543,183.7901,18.28,take_profit
98,short,2023-07-16 02:55,2023-07-16 06:30,1928.2,1922.29,42049.6316,1176.1883,103.6538,8.81,signal
99,long,2023-07-16 06:35,2023-07-16 07:45,1923.67,1927.72,45496.1206,1272.5915,68.4876,5.38,signal
100,short,2023-07-16 07:50,2023-07-16 09:15,1926.57,1928.0,47773.3339,1336.2884,-64.1238,-4.8,signal
101,long,2023-07-16 09:20,2023-07-16 14:25,1929.05,1940.0726,45641.2161,1276.65,233.4092,18.28,take_profit
102,long,2023-07-16 14:25,2023-07-16 18:20,1938.29,1935.37,53402.0713,1493.7322,-112.4905,-7.53,signal
103,short,2023-07-16 18:25,2023-07-16 22:00,1933.87,1931.43,49661.7612,1389.1104,32.8621,2.37,signal
104,long,2023-07-16 22:05,2023-07-16 23:15,1931.48,1930.53,50754.4266,1419.6738,-55.4163,-3.9,signal
105,short,2023-07-16 23:20,2023-07-17 02:30,1925.54,1924.14,48911.8359,1368.1339,6.2152,0.45,signal
106,long,2023-07-17 03:30,2023-07-17 05:45,1927.99,1931.0,49118.4902,1373.9143,47.2133,3.44,signal
107,short,2023-07-17 05:50,2023-07-17 09:45,1929.9,1918.8726,50688.3309,1417.825,259.2201,18.28,take_profit
108,short,2023-07-17 09:45,2023-07-17 10:20,1919.0,1908.0348,59307.4,1658.9127,303.298,18.28,take_profit
109,short,2023-07-17 11:45,2023-07-17 12:05,1913.47,1902.5364,69392.06,1940.995,354.871,18.28,take_profit
110,long,2023-07-17 13:15,2023-07-17 15:15,1909.22,1907.5,81191.5205,2271.0428,-121.8597,-5.37,signal
111,short,2023-07-17 15:20,2023-07-17 17:10,1906.51,1895.6162,77139.6868,2157.7072,394.4924,18.28,take_profit
112,long,2023-07-17 17:15,2023-07-17 17:30,1895.49,1906.3208,90256.5578,2524.6049,461.572,18.28,take_profit
113,short,2023-07-17 17:30,2023-07-17 18:10,1902.96,1892.0865,105603.828,2953.8899,540.058,18.28,take_profit
114,long,2023-07-17 21:00,2023-07-17 21:40,1891.71,1902.5192,123560.7557,3456.1709,631.8897,18.28,take_profit
115,long,2023-07-17 21:40,2023-07-17 22:50,1910.66,1911.03,144571.0884,4043.8599,-58.7464,-1.45,signal
116,long,2023-07-18 00:00,2023-07-18 00:50,1909.68,1911.5,142617.7702,3989.2228,50.3497,1.26,signal
117,short,2023-07-18 00:55,2023-07-18 06:35,1910.87,1899.9513,144291.8968,4036.0505,737.9088,18.28,take_profit
118,short,2023-07-18 06:35,2023-07-18 11:00,1899.35,1903.43,168827.3631,4722.3425,-463.955,-9.82,signal
119,long,2023-07-18 11:10,2023-07-18 11:30,1904.35,1905.65,153400.8582,4290.8411,12.6782,0.3,signal
120,short,2023-07-18 11:35,2023-07-18 11:55,1904.22,1893.3393,153822.4089,4302.6325,786.6478,18.28,take_profit
121,short,2023-07-18 11:55,2023-07-18 14:30,1893.25,1894.26,179978.4482,5034.2543,-204.0009,-4.05,signal
122,long,2023-07-18 14:35,2023-07-18 15:15,1896.44,1895.7,173195.4175,4844.5232,-171.4989,-3.54,signal
123,short,2023-07-18 15:20,2023-07-18 16:00,1894.39,1897.34,167493.0779,4685.0207,-361.321,-7.71,signal
124,long,2023-07-18 16:05,2023-07-18 16:30,1898.34,1897.1,155479.1543,4348.9741,-194.8468,-4.48,signal
125,short,2023-07-18 16:35,2023-07-18 16:45,1896.52,1885.6833,149000.4973,4167.7568,761.9885,18.28,take_profit
126,long,2023-07-18 18:00,2023-07-18 18:25,1889.73,1900.5279,174336.6163,4876.4442,891.5575,18.28,take_profit
127,long,2023-07-18 18:25,2023-07-18 19:15,1901.9,1898.99,203980.9017,5705.6372,-434.4893,-7.62,signal
128,short,2023-07-18 19:20,2023-07-18 20:05,1898.15,1892.3,189534.1327,5301.5405,470.4139,8.87,signal
129,long,2023-07-18 22:30,2023-07-18 23:30,1897.56,1897.66,205175.3949,5739.0489,-112.2926,-1.96,signal
130,short,2023-07-18 23:35,2023-07-19 00:15,1894.96,1898.4,201441.6644,5634.6111,-486.5505,-8.64,signal
131,long,2023-07-19 00:20,2023-07-19 00:55,1899.78,1910.6353,185263.8616,5182.0949,947.4394,18.28,take_profit
132,long,2023-07-19 00:55,2023-07-19 06:15,1910.58,1912.39,216766.2212,6063.2609,75.2951,1.24,signal
133,short,2023-07-19 06:20,2023-07-19 13:30,1911.29,1908.86,219269.7837,6133.2891,147.2161,2.4,signal
134,long,2023-07-19 13:35,2023-07-19 13:45,1907.33,1918.2285,224164.7195,6270.2074,1146.3784,18.28,take_profit
135,short,2023-07-19 14:00,2023-07-19 14:45,1907.51,1896.6105,262281.8005,7336.3966,1341.3091,18.28,take_profit
136,long,2023-07-19 17:30,2023-07-19 17:45,1906.55,1917.444,306880.329,8583.8812,1569.386,18.28,take_profit
137,long,2023-07-19 18:45,2023-07-19 20:00,1908.98,1907.42,359062.4136,10043.4887,-508.8598,-5.07,signal
138,short,2023-07-19 20:05,2023-07-19 21:00,1907.05,1896.1531,342142.8258,9570.2236,1749.7184,18.28,take_profit
139,short,2023-07-19 21:10,2023-07-19 23:15,1886.83,1884.8,400320.963,11197.5492,190.5042,1.7,signal
140,long,2023-07-20 00:45,2023-07-20 03:15,1892.38,1895.56,406655.2269,11374.7276,439.3599,3.86,signal
141,short,2023-07-20 03:20,2023-07-20 05:00,1894.91,1894.36,421263.9436,11783.3543,-130.486,-1.11,signal
142,long,2023-07-20 05:05,2023-07-20 05:40,1894.83,1905.6571,416925.2848,11661.9958,2132.1559,18.28,take_profit
143,long,2023-07-20 05:40,2023-07-20 08:45,1904.99,1915.8751,487819.4687,13645.0074,2494.7088,18.28,take_profit
144,long,2023-07-20 08:50,2023-07-20 10:10,1912.96,1923.8907,570768.535,15965.2113,2918.9103,18.28,take_profit
145,long,2023-07-20 10:10,2023-07-20 14:15,1921.13,1913.85,667822.3021,18679.9438,-2931.3635,-15.69,signal
146,short,2023-07-20 14:20,2023-07-20 14:35,1910.38,1899.4641,570354.4645,15953.6292,2916.7927,18.28,take_profit
147,short,2023-07-20 18:15,2023-07-20 21:00,1887.63,1887.74,667337.8228,18666.3922,-439.2912,-2.35,signal
148,long,2023-07-20 21:05,2023-07-21 02:25,1889.5,1900.2966,652731.3895,18257.8294,3338.0683,18.28,take_profit
149,long,2023-07-21 02:25,2023-07-21 03:20,1899.84,1897.4,763722.1613,21362.3999,-1439.0959,-6.74,signal
150,short,2023-07-21 03:25,2023-07-21 09:50,1896.44,1885.6037,715872.2215,20023.9687,3660.9705,18.28,take_profit
151,short,2023-07-21 09:50,2023-07-21 12:20,1885.34,1890.17,837599.492,23428.8544,-2648.3825,-11.3,signal
152,long,2023-07-21 12:30,2023-07-21 14:15,1891.81,1888.77,749540.7742,20965.7262,-1654.1815,-7.89,signal
153,short,2023-07-21 14:20,2023-07-21 17:15,1888.34,1891.79,694539.2378,19427.2547,-1685.6478,-8.68,signal
154,long,2023-07-21 17:20,2023-07-21 18:00,1890.91,1901.7147,638491.4495,17859.518,3265.2453,18.28,take_profit
155,long,2023-07-21 18:00,2023-07-21 19:00,1903.25,1896.81,747060.8548,20896.3593,-2976.0557,-14.24,signal
156,short,2023-07-21 19:05,2023-07-22 00:30,1892.83,1892.26,648107.0022,18128.4787,-193.6956,-1.07,signal
157,long,2023-07-22 00:45,2023-07-22 10:00,1893.23,1886.26,641666.6236,17948.3321,-2747.3206,-15.31,signal
158,short,2023-07-22 10:05,2023-07-22 16:30,1885.53,1888.02,550318.2121,15393.1866,-1056.9321,-6.87,signal
159,long,2023-07-22 16:35,2023-07-22 17:30,1889.65,1887.04,515175.2186,14410.1868,-1020.6693,-7.08,signal
160,short,2023-07-22 17:40,2023-07-22 23:15,1885.33,1874.5572,481237.9628,13460.9133,2461.0509,18.28,take_profit
161,short,2023-07-23 00:00,2023-07-23 02:15,1864.07,1869.8,563067.9067,15749.8137,-2068.6658,-13.13,signal
162,long,2023-07-23 02:20,2023-07-23 09:30,1871.26,1875.21,494284.7681,13825.8511,746.8036,5.4,signal
163,short,2023-07-23 12:30,2023-07-23 16:00,1873.03,1874.05,519115.9867,14520.4157,-594.1657,-4.09,signal
164,long,2023-07-23 16:05,2023-07-23 17:55,1876.65,1887.3732,499359.9769,13967.8119,2553.7269,18.28,take_profit
165,long,2023-07-23 17:55,2023-07-23 19:15,1893.77,1893.4,584271.397,16342.9056,-464.7163,-2.84,signal
166,short,2023-07-23 19:20,2023-07-23 21:35,1893.7,1882.8794,568819.5798,15910.6962,2908.9433,18.28,take_profit
167,long,2023-07-23 23:30,2023-07-24 01:30,1886.99,1880.58,665541.9456,18616.159,-2660.1341,-14.29,signal
168,short,2023-07-24 01:35,2023-07-24 03:05,1878.44,1867.7066,577092.4863,16142.1013,2951.251,18.28,take_profit
169,short,2023-07-24 03:10,2023-07-24 07:15,1869.89,1869.14,675221.5812,18886.9122,-134.3062,-0.71,signal
170,long,2023-07-24 07:20,2023-07-24 08:45,1870.5,1871.23,670755.8993,18762.0007,-140.6776,-0.75,signal
171,short,2023-07-24 08:55,2023-07-24 09:50,1869.11,1858.4299,666078.3675,18631.1635,3406.3248,18.28,take_profit
172,short,2023-07-24 14:45,2023-07-24 15:05,1848.0,1837.4405,779338.6662,21799.2158,3985.5379,18.28,take_profit
173,short,2023-07-24 15:30,2023-07-24 16:15,1841.99,1838.61,911857.8027,25505.9654,1126.1188,4.42,signal
174,long,2023-07-24 18:00,2023-07-24 22:15,1842.45,1848.56,949301.2534,26553.3122,2578.5267,9.71,signal
175,short,2023-07-24 22:20,2023-07-24 23:15,1847.08,1849.33,1035037.2676,28951.471,-1881.8415,-6.5,signal
176,long,2023-07-24 23:20,2023-07-25 01:00,1849.63,1847.2,972466.0371,27201.2643,-1861.0824,-6.84,signal
177,short,2023-07-25 01:05,2023-07-25 02:30,1845.94,1851.8,910585.0465,25470.3646,-3437.0346,-13.49,signal
178,long,2023-07-25 02:35,2023-07-25 04:15,1854.49,1850.67,796303.6471,22273.7506,-2118.0606,-9.51,signal
179,short,2023-07-25 04:20,2023-07-25 06:45,1850.15,1850.85,725878.1318,20303.8483,-710.1612,-3.5,signal
180,long,2023-07-25 06:50,2023-07-25 09:35,1850.87,1861.4459,702265.2719,19643.3629,3591.3846,18.28,take_profit
181,long,2023-07-25 13:30,2023-07-25 14:20,1860.99,1863.6,821678.8098,22983.5301,659.3803,2.87,signal
182,short,2023-07-25 14:25,2023-07-25 15:00,1862.97,1852.325,843603.2034,23596.7867,4314.1868,18.28,take_profit
183,long,2023-07-25 17:15,2023-07-25 18:35,1853.32,1863.9099,987049.9139,27609.1962,5047.7733,18.28,take_profit
184,short,2023-07-25 18:55,2023-07-26 02:45,1858.95,1854.67,1154888.3748,32303.8777,1966.0531,6.09,signal
185,long,2023-07-26 02:50,2023-07-26 03:10,1855.52,1866.1224,1220259.6401,34132.4054,6240.4078,18.28,take_profit
186,long,2023-07-26 03:10,2023-07-26 04:30,1862.58,1856.14,1427753.1994,39936.2966,-5793.208,-14.51,signal
187,short,2023-07-26 04:35,2023-07-26 12:15,1855.0,1852.28,1235129.0338,34548.3235,1070.0013,3.1,signal
188,long,2023-07-26 12:20,2023-07-26 18:10,1853.98,1864.5736,1270706.5761,35543.4782,6498.3934,18.28,take_profit
189,long,2023-07-26 20:00,2023-07-26 20:15,1873.48,1884.1851,1486778.1576,41587.309,7603.3835,18.28,take_profit
190,long,2023-07-26 20:30,2023-07-26 21:15,1879.78,1881.93,1739590.6589,48658.8359,945.9039,1.94,signal
191,short,2023-07-26 21:20,2023-07-26 22:20,1878.82,1868.0844,1771041.9644,49538.5738,9057.1086,18.28,take_profit
192,short,2023-07-26 23:30,2023-07-27 01:25,1870.15,1872.45,2072190.8255,57962.1377,-3791.794,-6.54,signal
193,long,2023-07-27 01:45,2023-07-27 06:15,1872.4,1876.47,1946113.6759,54435.5797,3062.5618,5.63,signal
194,short,2023-07-27 06:20,2023-07-27 07:50,1876.89,1866.1655,2047943.8557,57283.9153,10473.1849,18.28,take_profit
195,long,2023-07-27 08:45,2023-07-27 10:30,1876.74,1879.87,2396177.2529,67024.5009,2558.6036,3.82,signal
196,short,2023-07-27 10:35,2023-07-27 14:40,1879.36,1868.6213,2481250.8237,69404.1302,12689.1167,18.28,take_profit
197,short,2023-07-27 15:00,2023-07-27 18:35,1867.99,1857.3163,2903163.9544,81205.6432,14846.7805,18.28,take_profit
198,short,2023-07-27 20:35,2023-07-27 23:30,1859.55,1858.3,3396819.4048,95013.8914,245.2695,0.26,signal
199,long,2023-07-27 23:35,2023-07-28 05:30,1858.06,1861.04,3404974.6164,95242.0043,3417.993,3.59,signal
200,short,2023-07-28 05:35,2023-07-28 07:15,1859.13,1861.64,3518622.8837,98420.9087,-6861.6449,-6.97,signal
201,long,2023-07-28 07:20,2023-07-28 12:30,1861.75,1872.388,3290473.1913,92039.2358,16827.4799,18.28,take_profit
202,long,2023-07-28 12:45,2023-07-28 14:30,1869.33,1880.0114,3849986.898,107689.6335,19688.833,18.28,take_profit
203,short,2023-07-28 17:00,2023-07-28 17:45,1876.09,1865.37,4504640.5951,126001.2326,23036.732,18.28,take_profit
204,long,2023-07-28 19:00,2023-07-29 20:20,1875.21,1885.9249,5270611.9342,147426.5452,26953.9094,18.28,take_profit
205,long,2023-07-29 20:20,2023-07-30 01:30,1884.73,1878.32,6166829.4228,172495.0287,-24673.5934,-14.3,signal
206,short,2023-07-30 01:40,2023-07-30 11:00,1876.62,1873.9,5346432.4429,149547.3532,4541.3366,3.04,signal
207,long,2023-07-30 12:30,2023-07-30 15:45,1875.56,1877.78,5497431.8835,153771.0233,3208.5568,2.09,signal
208,short,2023-07-30 15:50,2023-07-30 19:15,1875.18,1877.18,5604116.3968,156755.1415,-9339.6202,-5.96,signal
209,long,2023-07-30 19:20,2023-07-30 19:45,1877.57,1871.0,5293574.0256,148068.8277,-21699.4385,-14.65,signal
210,short,2023-07-30 19:55,2023-07-30 20:10,1861.26,1850.6248,4572067.6941,127887.2649,23381.5542,18.28,take_profit
211,short,2023-07-30 21:00,2023-07-30 23:15,1863.57,1859.97,5349504.3709,149633.2794,7124.3421,4.76,signal
212,long,2023-07-30 23:20,2023-07-31 00:45,1860.89,1871.5231,5586388.7459,156259.2738,28568.792,18.28,take_profit
213,long,2023-07-31 00:50,2023-07-31 01:05,1873.59,1869.91,6536301.0815,182829.6788,-16760.0153,-9.17,signal
214,short,2023-07-31 01:10,2023-07-31 01:45,1868.64,1868.91,5979030.5742,167242.0266,-4451.3291,-2.66,signal
215,long,2023-07-31 01:50,2023-07-31 14:35,1870.17,1859.4838,5831023.8805,163102.068,-36817.0848,-22.57,stop_loss
216,short,2023-07-31 14:45,2023-07-31 20:25,1862.06,1859.09,4606855.8115,128860.3383,4583.8569,3.56,signal
217,short,2023-07-31 20:30,2023-08-01 00:15,1859.81,1856.16,4759269.0538,133123.5544,6484.8185,4.87,signal
218,long,2023-08-01 00:20,2023-08-01 01:15,1857.2,1860.54,4974889.2697,139154.7599,5961.9382,4.28,signal
219,short,2023-08-01 01:20,2023-08-01 02:05,1858.51,1847.8905,5173123.7135,144699.6604,26455.3547,18.28,take_profit
220,long,2023-08-01 05:30,2023-08-01 09:15,1826.26,1833.51,6052764.2564,169304.4631,20396.9797,12.05,signal
221,short,2023-08-01 09:20,2023-08-01 12:30,1832.74,1831.62,6730963.8307,188274.674,74.7599,0.04,signal
222,long,2023-08-01 12:35,2023-08-01 14:30,1834.77,1831.41,6733449.5981,188344.2045,-16370.9835,-8.69,signal
223,short,2023-08-01 14:35,2023-08-01 15:30,1833.93,1823.4509,6189114.3959,173118.3712,31651.131,18.28,take_profit
224,long,2023-08-01 15:30,2023-08-01 16:05,1830.4,1840.8589,7241514.5023,202555.5057,37033.1052,18.28,take_profit
225,long,2023-08-01 16:05,2023-08-01 16:15,1839.68,1834.18,8472865.2491,236998.1451,-30414.6239,-12.83,signal
226,short,2023-08-01 16:20,2023-08-01 17:10,1833.0,1834.41,7461579.0041,208711.0241,-10216.6236,-4.9,signal
227,long,2023-08-01 17:25,2023-08-01 18:30,1835.39,1845.8774,7121876.2707,199209.0534,36421.2752,18.28,take_profit
228,long,2023-08-01 18:30,2023-08-01 19:00,1845.93,1856.4776,8332883.6727,233082.6604,42614.3671,18.28,take_profit
229,short,2023-08-01 20:20,2023-08-01 23:00,1851.74,1852.2,9749811.3789,272716.1526,-8271.8863,-3.03,signal
230,long,2023-08-01 23:05,2023-08-01 23:25,1858.77,1869.391,9474771.1607,265022.8848,48453.9797,18.28,take_profit
231,long,2023-08-01 23:25,2023-08-02 00:05,1866.59,1877.2557,11085865.9862,310087.5086,56693.1187,18.28,take_profit
232,long,2023-08-02 00:15,2023-08-02 01:45,1871.02,1872.8,12970912.1814,362814.9436,4557.3655,1.26,signal
233,short,2023-08-02 03:45,2023-08-02 08:15,1863.93,1853.2795,13122444.5846,367053.5214,67108.1816,18.28,take_profit
234,short,2023-08-02 09:30,2023-08-02 11:30,1855.74,1857.87,15353791.623,429467.4857,-26835.205,-6.25,signal
235,long,2023-08-02 11:40,2023-08-02 12:30,1859.84,1855.66,14461521.057,404509.4033,-41179.2559,-10.18,signal
236,short,2023-08-02 12:35,2023-08-02 14:05,1855.51,1844.9076,13092310.7997,366210.6364,66954.0774,18.28,take_profit
237,short,2023-08-02 16:45,2023-08-02 16:50,1845.57,1835.0244,15318533.8743,428481.2761,78338.9822,18.28,take_profit
238,long,2023-08-02 19:15,2023-08-02 22:45,1837.71,1842.37,17923305.0335,501340.4465,34695.2998,6.92,signal
239,short,2023-08-02 22:50,2023-08-03 01:45,1842.5,1845.17,19076923.7505,533608.8101,-39090.8687,-7.33,signal
240,long,2023-08-03 01:50,2023-08-03 02:15,1842.58,1841.6,17777152.3655,497252.3476,-20121.2998,-4.05,signal
241,short,2023-08-03 02:20,2023-08-03 07:20,1841.52,1830.9976,17108119.1476,478538.5327,87490.9213,18.28,take_profit
242,short,2023-08-03 07:45,2023-08-03 13:00,1832.87,1835.0,20017192.2815,559909.4641,-35272.5323,-6.3,signal
243,long,2023-08-03 13:05,2023-08-03 14:55,1835.63,1846.1188,18844380.5823,527104.2454,96370.1623,18.28,take_profit
244,long,2023-08-03 14:55,2023-08-03 17:10,1846.89,1857.4431,22048688.4787,616733.3149,112756.9929,18.28,take_profit
245,long,2023-08-03 17:10,2023-08-03 17:45,1856.82,1848.56,25797858.492,721602.9561,-130239.6026,-18.05,signal
246,short,2023-08-03 17:50,2023-08-03 21:55,1847.32,1836.7644,21467391.7054,600473.6137,109784.2412,18.28,take_profit
247,short,2023-08-03 22:00,2023-08-04 01:40,1839.01,1836.61,25117717.7247,702578.4472,17709.2469,2.52,signal
248,short,2023-08-04 06:45,2023-08-04 07:45,1833.27,1834.23,25706550.1833,719048.9323,-28885.2796,-4.02,signal
249,long,2023-08-04 07:50,2023-08-04 13:45,1836.14,1846.6317,24746114.6366,692184.178,126551.6303,18.28,take_profit
250,long,2023-08-04 14:45,2023-08-04 17:00,1842.45,1846.66,28953956.3425,809883.5217,48787.4439,6.02,signal
251,short,2023-08-04 17:05,2023-08-04 18:15,1845.63,1835.0841,30576138.8535,855258.2839,156366.3741,18.28,take_profit
252,short,2023-08-04 20:30,2023-08-04 20:45,1833.21,1822.735,35775320.7922,1000686.8302,182954.9905,18.28,take_profit
253,long,2023-08-04 21:55,2023-08-05 01:45,1828.4,1827.61,41858574.2273,1170844.1191,-43201.0522,-3.69,signal
254,short,2023-08-05 01:50,2023-08-05 03:15,1827.6,1830.31,40422139.2404,1130664.9805,-84191.9995,-7.45,signal
255,long,2023-08-05 03:25,2023-08-05 04:30,1831.08,1829.7,37622755.256,1052362.2113,-50928.1774,-4.84,signal
256,short,2023-08-05 04:40,2023-08-05 05:15,1829.01,1829.0,35929393.3575,1004996.4599,-21361.1943,-2.13,signal
257,long,2023-08-05 05:20,2023-08-05 07:15,1830.76,1830.32,35219133.6483,985129.4812,-29595.9533,-3.0,signal
258,short,2023-08-05 07:20,2023-08-05 08:30,1830.39,1831.11,34235068.2009,957603.7648,-34007.706,-3.55,signal
259,long,2023-08-05 08:35,2023-08-05 12:30,1831.25,1831.16,33104311.9762,925974.8978,-21489.5568,-2.32,signal
260,short,2023-08-05 12:35,2023-08-05 14:00,1830.8,1833.23,32389784.2131,905988.5356,-62424.4624,-6.89,signal
261,long,2023-08-05 14:05,2023-08-05 15:15,1835.2,1832.88,30314170.8376,847930.6643,-56510.6888,-6.66,signal
262,short,2023-08-05 15:20,2023-08-05 18:00,1832.29,1833.35,28435190.4341,795372.8981,-33511.186,-4.21,signal
263,long,2023-08-05 18:05,2023-08-05 19:45,1833.98,1835.15,27320943.5012,764205.8196,1037.0154,0.14,signal
264,short,2023-08-05 19:50,2023-08-05 22:45,1835.34,1837.33,27355424.2635,765170.2958,-46073.8593,-6.02,signal
265,long,2023-08-05 22:50,2023-08-06 01:45,1837.86,1834.72,25823468.4422,722319.303,-59613.7044,-8.25,signal
266,short,2023-08-06 01:50,2023-08-06 02:15,1834.59,1835.44,23841312.7715,666875.5772,-25350.9156,-3.8,signal
267,long,2023-08-06 02:20,2023-08-06 09:00,1837.7,1834.05,22998394.8278,643297.9582,-59477.9514,-9.25,signal
268,short,2023-08-06 09:05,2023-08-06 16:30,1833.6,1829.33,21020752.9448,587980.4895,36339.6725,6.18,signal
269,long,2023-08-06 16:35,2023-08-06 23:00,1831.08,1828.83,22229047.0558,621778.2019,-40652.1037,-6.54,signal
270,short,2023-08-06 23:05,2023-08-07 01:00,1827.9,1830.03,20877364.6092,583969.7129,-36854.2193,-6.31,signal
271,long,2023-08-07 01:05,2023-08-07 01:25,1830.78,1841.2411,19651961.8171,549693.4463,100500.1327,18.28,take_profit
272,long,2023-08-07 01:25,2023-08-07 01:35,1842.0,1838.39,22993591.2304,643163.5947,-58859.599,-9.15,signal
273,short,2023-08-07 01:40,2023-08-07 01:45,1838.22,1840.48,21036509.5635,588421.2246,-38485.2472,-6.54,signal
274,long,2023-08-07 01:50,2023-08-07 03:30,1839.66,1840.59,19756875.0928,552628.0205,-1866.4676,-0.34,signal
275,short,2023-08-07 03:35,2023-08-07 10:30,1840.43,1833.54,19694815.0437,550892.1122,61914.3997,11.24,signal
276,long,2023-08-07 10:35,2023-08-07 15:15,1834.2,1823.7194,21753468.8326,608475.5996,-137351.4022,-22.57,stop_loss
277,short,2023-08-07 15:25,2023-08-07 15:50,1822.78,1812.3646,17186534.7092,480731.928,87891.9385,18.28,take_profit
278,short,2023-08-07 17:15,2023-08-07 17:25,1818.07,1807.6815,20108941.6644,562475.8254,102837.1277,18.28,take_profit
279,long,2023-08-07 18:00,2023-08-07 18:15,1816.83,1827.2114,23528276.1594,658119.496,120323.6043,18.28,take_profit
280,long,2023-08-07 18:15,2023-08-07 19:15,1829.64,1819.55,27529036.0017,770026.4642,-168333.0647,-21.86,signal
281,short,2023-08-07 19:20,2023-08-07 19:45,1818.32,1821.38,21931961.6001,613468.2973,-50067.8633,-8.16,signal
282,long,2023-08-07 19:50,2023-08-07 21:30,1823.28,1827.07,20267205.1463,566902.6811,29968.5367,5.29,signal
283,short,2023-08-07 21:35,2023-08-07 22:30,1825.5,1824.66,21263658.9921,594774.9187,-2973.7673,-0.5,signal
284,long,2023-08-07 22:35,2023-08-08 01:00,1825.61,1834.15,21164781.2306,592009.1664,86307.6177,14.58,signal
285,short,2023-08-08 01:10,2023-08-08 05:00,1830.04,1833.65,24034509.5192,672279.5663,-61832.0078,-9.2,signal
286,long,2023-08-08 05:05,2023-08-08 05:45,1834.21,1837.89,21978595.2582,614772.7074,30908.7918,5.03,signal
287,long,2023-08-08 06:30,2023-08-08 06:45,1835.76,1835.15,23006312.5859,643519.4292,-21448.4964,-3.33,signal
288,short,2023-08-08 06:50,2023-08-08 10:45,1833.52,1832.99,22293150.0813,623571.2551,-6931.7992,-1.11,signal
289,long,2023-08-08 10:50,2023-08-08 12:50,1834.12,1844.6002,22062667.7595,617124.3353,112828.4829,18.28,take_profit
290,long,2023-08-08 12:50,2023-08-08 13:30,1844.13,1838.51,25814214.8166,722060.4659,-94157.5421,-13.04,signal
291,short,2023-08-08 13:35,2023-08-08 16:00,1837.25,1842.57,22683476.5429,634489.2439,-79293.0878,-12.5,signal
292,long,2023-08-08 16:05,2023-08-08 16:35,1844.16,1854.6975,20046981.3733,560742.7076,102520.2627,18.28,take_profit
293,long,2023-08-08 16:35,2023-08-08 18:15,1853.78,1864.3725,23455780.1095,656091.6779,119952.8595,18.28,take_profit
294,long,2023-08-08 18:15,2023-08-08 18:45,1867.33,1856.6601,27444212.6872,767653.8349,-173282.7589,-22.57,stop_loss
295,long,2023-08-08 21:00,2023-08-08 21:20,1863.77,1874.4196,21682560.9536,606492.205,110884.6167,18.28,take_profit
296,short,2023-08-09 00:30,2023-08-09 06:45,1858.71,1855.99,25369474.4594,709620.4427,21903.51,3.09,signal
297,long,2023-08-09 06:50,2023-08-09 12:45,1857.0,1867.6109,26097766.1657,729991.8022,133463.9762,18.28,take_profit
298,long,2023-08-09 12:45,2023-08-09 14:45,1866.11,1859.44,30535443.3734,854119.9732,-127463.4963,-14.92,signal
299,short,2023-08-09 14:50,2023-08-09 18:15,1854.86,1848.81,26297282.1221,735572.5485,69995.5203,9.52,signal
300,long,2023-08-09 18:20,2023-08-09 19:30,1850.6,1851.5,28624633.1726,800671.8822,-3253.7976,-0.41,signal
301,short,2023-08-09 21:00,2023-08-09 21:15,1850.75,1850.0,28516444.4024,797645.6877,-5553.8308,-0.7,signal
302,long,2023-08-09 21:20,2023-08-10 02:45,1850.36,1855.04,28331779.5278,792480.3474,54658.733,6.9,signal
303,long,2023-08-10 10:45,2023-08-10 13:45,1851.8,1862.3812,30149182.401,843315.702,154182.9188,18.28,take_profit
304,long,2023-08-10 13:45,2023-08-10 14:30,1861.3,1857.45,35275764.4511,986713.5256,-94131.5002,-9.54,signal
305,short,2023-08-10 14:35,2023-08-10 22:15,1853.6,1850.36,32145892.0688,899166.5239,36901.8747,4.1,signal
306,long,2023-08-10 22:20,2023-08-11 01:30,1851.56,1851.62,33372879.4032,933487.1124,-18942.2759,-2.03,signal
307,short,2023-08-11 01:35,2023-08-11 08:00,1851.37,1849.14,32743048.7291,915869.8487,19793.6122,2.16,signal
308,long,2023-08-11 08:05,2023-08-11 12:55,1849.7,1848.71,33401186.3342,934278.8977,-37917.7591,-4.06,signal
309,short,2023-08-11 13:15,2023-08-11 13:45,1849.71,1848.88,32140420.8427,899013.4859,-4862.2354,-0.54,signal
310,long,2023-08-11 13:50,2023-08-11 15:00,1850.44,1852.45,31978751.5163,894491.3638,15548.9689,1.74,signal
311,short,2023-08-11 15:05,2023-08-11 16:40,1849.19,1838.6237,32495754.7316,908952.6823,166183.2897,18.28,take_profit
312,short,2023-08-11 16:40,2023-08-11 22:30,1840.67,1845.53,38021349.114,1063511.4509,-123202.2094,-11.58,signal
313,long,2023-08-11 22:35,2023-08-12 01:30,1845.36,1850.09,33924875.6529,948927.2361,66600.8241,7.02,signal
314,short,2023-08-12 01:35,2023-08-12 10:45,1849.03,1849.95,36139353.0534,1010869.3326,-39665.0425,-3.92,signal
315,long,2023-08-12 10:50,2023-08-12 17:30,1850.44,1850.02,34820490.3892,973978.8597,-28795.6069,-2.96,signal
316,short,2023-08-12 17:40,2023-08-12 21:45,1849.05,1846.62,33863036.4585,947197.5055,24184.5867,2.55,signal
317,short,2023-08-13 15:15,2023-08-13 17:25,1848.01,1850.12,34667173.9666,969690.3804,-60382.199,-6.23,end
