N,Events,MarginGate,EligibleN,RuleOutThreshold,RuleInThreshold,RuleOutN,RuleInN,Clinical_AUC,RuleOut_AUC_in_clinical_positive,RuleIn_AUC_in_clinical_negative,Clinical_Sensitivity,Workflow_Sensitivity,SensitivityDiff,Clinical_Specificity,Workflow_Specificity,SpecificityDiff,Clinical_Accuracy,Workflow_Accuracy,AccuracyDiff,Clinical_PPV,Workflow_PPV,Clinical_NPV,Workflow_NPV,Workflow_TP,Workflow_FN,Workflow_TN,Workflow_FP,Rescued_FN,Lost_TP,Corrected_FP,Added_FP,Sensitivity_p,Specificity_p,Accuracy_p,Accuracy_improved,Accuracy_worsened,NetCorrected,Cohort,GroupType,Group
964,117,0.075,137,0.707501,0.794599,42,6,0.8133028587574043,0.6742571918010515,0.7294496691048415,0.6923076923076923,0.6923076923076923,0.0,0.7532467532467533,0.7957497048406139,0.04250295159386064,0.745850622406639,0.783195020746888,0.03734439834024894,0.2793103448275862,0.3188976377952756,0.9465875370919882,0.9492957746478873,81,36,674,173,2,2,40,4,1.0,1.7051434042514302e-08,1.0087482138487758e-07,42,6,36,Gangnam_internal_CV,Overall,All
350,68,0.075,55,0.707501,0.794599,27,3,0.7712505214851898,0.6825874125874126,0.7206477732793521,0.8088235294117647,0.7794117647058824,-0.02941176470588236,0.5390070921985816,0.6170212765957447,0.07801418439716312,0.5914285714285714,0.6485714285714286,0.05714285714285716,0.2972972972972973,0.32919254658385094,0.9212121212121213,0.9206349206349206,53,15,174,108,0,2,25,3,0.5,2.744048833847046e-05,0.00032491423189640045,25,5,20,Gangnam_internal_CV,Sex,M
614,49,0.075,82,0.707501,0.794599,15,3,0.8112335199566552,0.6733203505355403,0.7076400071569153,0.5306122448979592,0.5714285714285714,0.04081632653061218,0.8601769911504424,0.8849557522123894,0.024778761061946986,0.8338762214983714,0.8599348534201955,0.026058631921824116,0.24761904761904763,0.3010752688172043,0.9548133595284872,0.9596928982725528,28,21,500,65,2,0,15,1,0.5,0.000518798828125,0.00014495849609375,17,1,16,Gangnam_internal_CV,Sex,F
232,20,0.075,23,0.707501,0.794599,5,1,0.799056603773585,0.5521367521367522,0.8229255774165953,0.65,0.65,0.0,0.7877358490566038,0.8066037735849056,0.018867924528301883,0.7758620689655172,0.7931034482758621,0.017241379310344862,0.22413793103448276,0.24074074074074073,0.9597701149425287,0.9606741573033708,13,7,171,41,0,0,5,1,1.0,0.21875,0.21875,5,1,4,Gangnam_internal_CV,Phase,Pre/noncontrast
731,97,0.075,114,0.707501,0.794599,37,5,0.8154167615207,0.7000089670014347,0.7060895084372707,0.7010309278350515,0.7010309278350515,0.0,0.7413249211356467,0.7917981072555205,0.050473186119873725,0.7359781121751026,0.7797537619699042,0.04377564979480164,0.29310344827586204,0.34,0.9418837675350702,0.9453860640301318,68,29,502,132,2,2,35,3,1.0,6.677873898297548e-08,4.4337048166198656e-07,37,5,32,Gangnam_internal_CV,Phase,Post/contrast
1,0,0.075,0,0.707501,0.794599,0,0,,,,,,,1.0,1.0,0.0,1.0,1.0,0.0,,,1.0,1.0,0,0,1,0,0,0,0,0,1.0,1.0,1.0,0,0,0,Gangnam_internal_CV,Scanner,Aquilion
1,0,0.075,0,0.707501,0.794599,0,0,,,,,,,1.0,1.0,0.0,1.0,1.0,0.0,,,1.0,1.0,0,0,1,0,0,0,0,0,1.0,1.0,1.0,0,0,0,Gangnam_internal_CV,Scanner,Aquilion ONE
187,22,0.075,36,0.707501,0.794599,15,0,0.8548209366391184,0.7851153039832285,0.7633928571428571,0.8181818181818182,0.8181818181818182,0.0,0.6787878787878788,0.7696969696969697,0.09090909090909083,0.6951871657754011,0.7754010695187166,0.0802139037433155,0.2535211267605634,0.32142857142857145,0.9655172413793104,0.9694656488549618,18,4,127,38,0,0,15,0,1.0,6.103515625e-05,6.103515625e-05,15,0,15,Gangnam_internal_CV,Scanner,Ingenuity Core 128
266,25,0.075,39,0.707501,0.794599,11,0,0.8004979253112033,0.7476415094339622,0.7222222222222221,0.64,0.6,-0.040000000000000036,0.7800829875518672,0.8215767634854771,0.04149377593360992,0.7669172932330827,0.8007518796992481,0.03383458646616544,0.2318840579710145,0.25862068965517243,0.9543147208121827,0.9519230769230769,15,10,198,43,0,1,10,0,1.0,0.001953125,0.01171875,10,1,9,Gangnam_internal_CV,Scanner,Revolution CT
162,26,0.075,23,0.707501,0.794599,2,4,0.7956730769230769,0.5735294117647058,0.7745098039215687,0.6538461538461539,0.6923076923076923,0.038461538461538436,0.75,0.7426470588235294,-0.007352941176470562,0.7345679012345679,0.7345679012345679,0.0,0.3333333333333333,0.33962264150943394,0.918918918918919,0.926605504587156,18,8,101,35,1,0,2,3,1.0,1.0,1.0,3,3,0,Gangnam_internal_CV,Scanner,SOMATOM Definition AS+
2,0,0.075,0,0.707501,0.794599,0,0,,,,,,,0.5,0.5,0.0,0.5,0.5,0.0,0.0,0.0,1.0,1.0,0,0,1,1,0,0,0,0,1.0,1.0,1.0,0,0,0,Gangnam_internal_CV,Scanner,SOMATOM Definition Edge
1,0,0.075,0,0.707501,0.794599,0,0,,,,,,,1.0,1.0,0.0,1.0,1.0,0.0,,,1.0,1.0,0,0,1,0,0,0,0,0,1.0,1.0,1.0,0,0,0,Gangnam_internal_CV,Scanner,SOMATOM Drive
344,44,0.075,39,0.707501,0.794599,14,2,0.8124242424242424,0.6044117647058823,0.6918103448275862,0.6818181818181818,0.6818181818181818,0.0,0.7733333333333333,0.8133333333333334,0.040000000000000036,0.7616279069767442,0.7965116279069767,0.03488372093023251,0.30612244897959184,0.3488372093023256,0.943089430894309,0.9457364341085271,30,14,244,56,1,1,13,1,1.0,0.0018310546875,0.004180908203125,14,2,12,Gangnam_internal_CV,Scanner,Sensation 64
926,141,0.075,139,0.707501,0.794599,43,2,0.8343587658671003,0.7252767527675275,0.6686121919584954,0.851063829787234,0.8368794326241135,-0.014184397163120588,0.6547770700636942,0.7044585987261146,0.04968152866242037,0.6846652267818575,0.724622030237581,0.0399568034557235,0.3069053708439898,0.33714285714285713,0.9607476635514018,0.9600694444444444,118,23,553,232,0,2,41,2,0.5,2.1532287064474076e-10,9.334883088740753e-09,41,4,37,Shinchon_sdata_external,Overall,All
428,98,0.075,65,0.707501,0.794599,27,0,0.8055658627087199,0.7552101324122049,0.5675182481751824,0.9183673469387755,0.9081632653061225,-0.010204081632653073,0.41515151515151516,0.49393939393939396,0.0787878787878788,0.530373831775701,0.5887850467289719,0.05841121495327095,0.31802120141342755,0.34765625,0.9448275862068966,0.9476744186046512,89,9,163,167,0,1,26,0,1.0,2.9802322387695312e-08,4.172325134277344e-07,26,1,25,Shinchon_sdata_external,Sex,M
498,43,0.075,74,0.707501,0.794599,16,2,0.8253002811142346,0.6324786324786326,0.7108753315649867,0.6976744186046512,0.6744186046511628,-0.023255813953488413,0.8285714285714286,0.8571428571428571,0.02857142857142847,0.8172690763052208,0.8413654618473896,0.024096385542168752,0.2777777777777778,0.30851063829787234,0.9666666666666667,0.9653465346534653,29,14,390,65,0,1,15,2,1.0,0.002349853515625,0.007537841796875,15,3,12,Shinchon_sdata_external,Sex,F
622,103,0.075,99,0.707501,0.794599,26,2,0.8539012664384459,0.7462318443409154,0.5989939637826961,0.8640776699029126,0.8446601941747572,-0.01941747572815533,0.6840077071290944,0.7263969171483622,0.042389210019267765,0.7138263665594855,0.7459807073954984,0.032154340836012874,0.35177865612648224,0.3799126637554585,0.962059620596206,0.9592875318066157,87,16,377,142,0,2,24,2,0.5,1.049041748046875e-05,0.00017999112606048584,24,4,20,Shinchon_sdata_external,Phase,Pre/noncontrast
300,38,0.075,39,0.707501,0.794599,17,0,0.7950984331056649,0.6892878880097384,0.7829670329670328,0.8157894736842105,0.8157894736842105,0.0,0.5954198473282443,0.6603053435114504,0.06488549618320616,0.6233333333333333,0.68,0.056666666666666754,0.22627737226277372,0.25833333333333336,0.9570552147239264,0.9611111111111111,31,7,173,89,0,0,17,0,1.0,1.52587890625e-05,1.52587890625e-05,17,0,17,Shinchon_sdata_external,Phase,Post/contrast
1,0,0.075,1,0.707501,0.794599,1,0,,,,,,,0.0,1.0,1.0,0.0,1.0,1.0,0.0,,,1.0,0,0,1,0,0,0,1,0,1.0,1.0,1.0,1,0,1,Shinchon_sdata_external,Scanner,Aquilion
2,0,0.075,0,0.707501,0.794599,0,0,,,,,,,0.5,0.5,0.0,0.5,0.5,0.0,0.0,0.0,1.0,1.0,0,0,1,1,0,0,0,0,1.0,1.0,1.0,0,0,0,Shinchon_sdata_external,Scanner,Aquilion ONE
6,1,0.075,2,0.707501,0.794599,1,0,0.8,0.5,,1.0,1.0,0.0,0.6,0.8,0.20000000000000007,0.6666666666666666,0.8333333333333334,0.16666666666666674,0.3333333333333333,0.5,1.0,1.0,1,0,4,1,0,0,1,0,1.0,1.0,1.0,1,0,1,Shinchon_sdata_external,Scanner,Discovery CT750 HD
50,9,0.075,13,0.707501,0.794599,4,0,0.8428184281842818,0.7045454545454546,0.5333333333333333,0.8888888888888888,0.7777777777777778,-0.11111111111111105,0.7317073170731707,0.8048780487804879,0.07317073170731714,0.76,0.8,0.040000000000000036,0.42105263157894735,0.4666666666666667,0.967741935483871,0.9428571428571428,7,2,33,8,0,1,3,0,1.0,0.25,0.625,3,1,2,Shinchon_sdata_external,Scanner,LightSpeed VCT
13,4,0.075,1,0.707501,0.794599,0,0,0.8055555555555556,1.0,0.0,0.75,0.75,0.0,0.6666666666666666,0.6666666666666666,0.0,0.6923076923076923,0.6923076923076923,0.0,0.5,0.5,0.8571428571428571,0.8571428571428571,3,1,6,3,0,0,0,0,1.0,1.0,1.0,0,0,0,Shinchon_sdata_external,Scanner,Revolution CT
149,43,0.075,24,0.707501,0.794599,5,0,0.8266783677051339,0.7708333333333334,0.6346938775510205,0.8372093023255814,0.8372093023255814,0.0,0.660377358490566,0.7075471698113207,0.047169811320754707,0.7114093959731543,0.7449664429530202,0.033557046979865834,0.5,0.5373134328358209,0.9090909090909091,0.9146341463414634,36,7,75,31,0,0,5,0,1.0,0.0625,0.0625,5,0,5,Shinchon_sdata_external,Scanner,Revolution EVO
1,1,0.075,0,0.707501,0.794599,0,0,,,,1.0,1.0,0.0,,,,1.0,1.0,0.0,1.0,1.0,,,1,0,0,0,0,0,0,0,1.0,1.0,1.0,0,0,0,Shinchon_sdata_external,Scanner,Revolution Frontier
2,0,0.075,1,0.707501,0.794599,1,0,,,,,,,0.0,0.5,0.5,0.0,0.5,0.5,0.0,0.0,,1.0,0,0,1,1,0,0,1,0,1.0,1.0,1.0,1,0,1,Shinchon_sdata_external,Scanner,SOMATOM Definition
166,17,0.075,15,0.707501,0.794599,8,0,0.8049743387287802,0.6736453201970444,0.9157509157509157,0.8235294117647058,0.8235294117647058,0.0,0.610738255033557,0.6644295302013423,0.05369127516778527,0.6325301204819277,0.6807228915662651,0.048192771084337394,0.19444444444444445,0.21875,0.9680851063829787,0.9705882352941176,14,3,99,50,0,0,8,0,1.0,0.0078125,0.0078125,8,0,8,Shinchon_sdata_external,Scanner,SOMATOM Definition AS+
1,0,0.075,0,0.707501,0.794599,0,0,,,,,,,1.0,1.0,0.0,1.0,1.0,0.0,,,1.0,1.0,0,0,1,0,0,0,0,0,1.0,1.0,1.0,0,0,0,Shinchon_sdata_external,Scanner,SOMATOM Definition Edge
228,31,0.075,36,0.707501,0.794599,9,1,0.9092844277059113,0.7727272727272727,0.8091603053435115,0.9354838709677419,0.9354838709677419,0.0,0.6649746192893401,0.7055837563451777,0.040609137055837574,0.7017543859649122,0.7368421052631579,0.03508771929824561,0.30526315789473685,0.3333333333333333,0.9849624060150376,0.9858156028368794,29,2,139,58,0,0,9,1,1.0,0.021484375,0.021484375,9,1,8,Shinchon_sdata_external,Scanner,SOMATOM Definition Flash
123,12,0.075,15,0.707501,0.794599,8,0,0.8686186186186186,0.7640692640692641,0.8260869565217391,0.9166666666666666,0.9166666666666666,0.0,0.6216216216216216,0.6936936936936937,0.07207207207207211,0.6504065040650406,0.7154471544715447,0.06504065040650409,0.20754716981132076,0.24444444444444444,0.9857142857142858,0.9871794871794872,11,1,77,34,0,0,8,0,1.0,0.0078125,0.0078125,8,0,8,Shinchon_sdata_external,Scanner,SOMATOM Force
1,0,0.075,1,0.707501,0.794599,1,0,,,,,,,0.0,1.0,1.0,0.0,1.0,1.0,0.0,,,1.0,0,0,1,0,0,0,1,0,1.0,1.0,1.0,1,0,1,Shinchon_sdata_external,Scanner,SOMATOM go.Top
48,9,0.075,6,0.707501,0.794599,0,0,0.8148148148148148,0.7012987012987013,0.28571428571428575,0.7777777777777778,0.7777777777777778,0.0,0.717948717948718,0.717948717948718,0.0,0.7291666666666666,0.7291666666666666,0.0,0.3888888888888889,0.3888888888888889,0.9333333333333333,0.9333333333333333,7,2,28,11,0,0,0,0,1.0,1.0,1.0,0,0,0,Shinchon_sdata_external,Scanner,Sensation 64
135,14,0.075,24,0.707501,0.794599,5,1,0.7502951593860685,0.5540540540540542,0.7857142857142857,0.7142857142857143,0.6428571428571429,-0.0714285714285714,0.6942148760330579,0.71900826446281,0.024793388429752095,0.6962962962962963,0.7111111111111111,0.014814814814814836,0.2127659574468085,0.20930232558139536,0.9545454545454546,0.9456521739130435,9,5,87,34,0,1,4,1,1.0,0.375,0.6875,4,2,2,Shinchon_sdata_external,Scanner,iCT 256
