datetime,open,high,low,close,volume
2026-03-18 11:00:00+00:00,2311.71,2317.52,2302.99,2313.59,26070.429999999986
2026-03-18 11:15:00+00:00,2313.59,2315.99,2291.75,2294.1,15828.229999999983
2026-03-18 11:30:00+00:00,2294.1,2296.88,2262.05,2275.13,96074.66000000016
2026-03-18 11:45:00+00:00,2275.13,2275.92,2264.89,2268.13,27726.859999999964
2026-03-18 12:00:00+00:00,2268.13,2269.76,2253.0,2259.0,42528.02000000004
2026-03-18 12:15:00+00:00,2259.0,2262.96,2254.98,2262.52,25688.58999999998
2026-03-18 12:30:00+00:00,2262.52,2262.62,2236.54,2241.04,66456.57000000015
2026-03-18 12:45:00+00:00,2241.04,2245.48,2234.93,2236.26,43042.68000000004
2026-03-18 13:00:00+00:00,2236.26,2239.32,2222.23,2236.82,47104.43000000004
2026-03-18 13:15:00+00:00,2236.82,2240.95,2228.86,2237.71,26949.15999999999
2026-03-18 13:30:00+00:00,2237.71,2244.07,2230.74,2236.92,37623.12000000002
2026-03-18 13:45:00+00:00,2236.92,2239.99,2228.25,2234.39,24058.119999999974
2026-03-18 14:00:00+00:00,2234.39,2236.21,2221.2,2222.05,28346.39999999999
2026-03-18 14:15:00+00:00,2222.05,2227.12,2211.35,2214.63,40995.17999999999
2026-03-18 14:30:00+00:00,2214.63,2223.52,2202.06,2203.32,47496.360000000015
2026-03-18 14:45:00+00:00,2203.32,2211.02,2186.08,2189.23,75581.72000000009
2026-03-18 15:00:00+00:00,2189.23,2194.82,2168.01,2179.96,90166.35000000006
2026-03-18 15:15:00+00:00,2179.96,2185.96,2173.46,2181.77,38316.98000000001
2026-03-18 15:30:00+00:00,2181.77,2191.14,2178.06,2182.73,28595.14999999998
2026-03-18 15:45:00+00:00,2182.73,2188.31,2176.03,2186.38,28115.4
2026-03-18 16:00:00+00:00,2186.38,2190.25,2174.11,2176.25,35702.36
2026-03-18 16:15:00+00:00,2176.25,2179.58,2165.97,2173.63,29524.95999999998
2026-03-18 16:30:00+00:00,2173.63,2179.01,2167.55,2179.01,17769.179999999957
2026-03-18 16:45:00+00:00,2179.01,2186.07,2176.79,2180.0,19137.35999999998
2026-03-18 17:00:00+00:00,2180.0,2182.98,2175.83,2181.03,13061.939999999968
2026-03-18 17:15:00+00:00,2181.03,2198.71,2178.65,2197.0,30957.23000000002
2026-03-18 17:30:00+00:00,2197.0,2210.17,2190.62,2203.15,44481.04000000002
2026-03-18 17:45:00+00:00,2203.15,2209.46,2200.2,2202.82,15480.12999999998
2026-03-18 18:00:00+00:00,2202.82,2218.98,2202.15,2214.05,30019.24999999997
2026-03-18 18:15:00+00:00,2214.05,2214.05,2190.94,2196.82,29102.83999999998
2026-03-18 18:30:00+00:00,2196.82,2208.0,2193.1,2198.25,18462.309999999976
2026-03-18 18:45:00+00:00,2198.25,2199.2,2174.89,2180.28,37500.52000000003
2026-03-18 19:00:00+00:00,2180.28,2192.77,2178.4,2187.55,16317.909999999967
2026-03-18 19:15:00+00:00,2187.55,2195.95,2186.44,2192.43,8863.949999999988
2026-03-18 19:30:00+00:00,2192.43,2195.33,2188.09,2190.68,9767.969999999985
2026-03-18 19:45:00+00:00,2190.68,2191.82,2178.65,2184.83,12827.319999999983
2026-03-18 20:00:00+00:00,2184.83,2187.46,2151.72,2171.2,48220.200000000055
2026-03-18 20:15:00+00:00,2171.2,2177.92,2168.15,2176.01,14771.429999999971
2026-03-18 20:30:00+00:00,2176.01,2184.9,2174.8,2179.78,12814.899999999978
2026-03-18 20:45:00+00:00,2179.78,2192.55,2177.17,2186.7,10510.409999999993
2026-03-18 21:00:00+00:00,2186.7,2193.93,2184.6,2187.93,10378.009999999977
2026-03-18 21:15:00+00:00,2187.93,2197.91,2187.52,2196.28,10102.30999999998
2026-03-18 21:30:00+00:00,2196.28,2203.43,2190.46,2200.51,11208.939999999982
2026-03-18 21:45:00+00:00,2200.51,2205.88,2197.25,2201.54,8513.469999999994
2026-03-18 22:00:00+00:00,2201.54,2202.46,2186.76,2189.29,13405.61999999998
2026-03-18 22:15:00+00:00,2189.29,2194.98,2187.6,2193.0,6351.539999999994
2026-03-18 22:30:00+00:00,2193.0,2193.73,2186.48,2190.51,5157.459999999996
2026-03-18 22:45:00+00:00,2190.51,2193.54,2188.38,2193.45,4725.499999999998
2026-03-18 23:00:00+00:00,2193.45,2197.97,2189.49,2192.83,9639.909999999983
2026-03-18 23:15:00+00:00,2192.83,2194.17,2187.87,2193.53,6250.279999999992
2026-03-18 23:30:00+00:00,2193.53,2203.28,2193.53,2200.6,11226.41999999998
2026-03-18 23:45:00+00:00,2200.6,2205.3,2198.86,2201.95,10972.419999999987
2026-03-19 00:00:00+00:00,2201.95,2206.8,2192.99,2200.26,14963.799999999992
2026-03-19 00:15:00+00:00,2200.26,2203.42,2195.18,2202.2,6632.419999999987
2026-03-19 00:30:00+00:00,2202.2,2203.28,2190.59,2191.41,8955.179999999984
2026-03-19 00:45:00+00:00,2191.41,2194.82,2189.73,2192.1,6889.839999999991
2026-03-19 01:00:00+00:00,2192.1,2196.22,2188.24,2190.0,8212.369999999986
2026-03-19 01:15:00+00:00,2190.0,2193.06,2186.1,2191.58,6452.299999999988
2026-03-19 01:30:00+00:00,2191.58,2200.47,2189.69,2198.59,9713.319999999982
2026-03-19 01:45:00+00:00,2198.59,2200.87,2195.57,2195.71,7494.87999999999
2026-03-19 02:00:00+00:00,2195.71,2200.39,2187.57,2199.17,12483.10999999998
2026-03-19 02:15:00+00:00,2199.17,2202.68,2197.63,2200.69,5686.509999999989
2026-03-19 02:30:00+00:00,2200.69,2203.88,2198.13,2202.78,5686.709999999991
2026-03-19 02:45:00+00:00,2202.78,2203.22,2194.85,2195.47,6242.24999999999
2026-03-19 03:00:00+00:00,2195.47,2205.9,2195.47,2204.37,7272.439999999988
2026-03-19 03:15:00+00:00,2204.37,2232.46,2203.79,2227.02,40728.66000000002
2026-03-19 03:30:00+00:00,2227.02,2228.47,2208.23,2209.01,24682.35999999997
2026-03-19 03:45:00+00:00,2209.01,2213.9,2205.43,2210.88,12620.40999999999
2026-03-19 04:00:00+00:00,2210.88,2212.01,2196.63,2200.01,18580.089999999997
2026-03-19 04:15:00+00:00,2200.01,2201.98,2191.45,2193.86,15880.71999999998
2026-03-19 04:30:00+00:00,2193.86,2197.61,2189.81,2193.41,12049.69
2026-03-19 04:45:00+00:00,2193.41,2196.78,2189.98,2192.41,7294.839999999987
2026-03-19 05:00:00+00:00,2192.41,2195.23,2189.75,2192.23,7060.159999999991
2026-03-19 05:15:00+00:00,2192.23,2197.56,2188.68,2189.71,7274.519999999988
2026-03-19 05:30:00+00:00,2189.71,2193.88,2185.31,2189.22,12989.19999999998
2026-03-19 05:45:00+00:00,2189.22,2191.04,2186.07,2187.98,6773.90999999999
2026-03-19 06:00:00+00:00,2187.98,2192.64,2181.27,2190.08,14982.229999999972
2026-03-19 06:15:00+00:00,2190.08,2194.88,2186.39,2186.4,7374.349999999989
2026-03-19 06:30:00+00:00,2186.4,2187.72,2176.96,2185.69,21315.88
2026-03-19 06:45:00+00:00,2185.69,2187.21,2176.79,2179.69,16618.90999999997
2026-03-19 07:00:00+00:00,2179.69,2181.44,2158.4,2159.28,56123.790000000125
2026-03-19 07:15:00+00:00,2159.28,2161.94,2141.76,2153.72,67901.41000000009
2026-03-19 07:30:00+00:00,2153.72,2174.19,2152.54,2166.71,38115.86999999998
2026-03-19 07:45:00+00:00,2166.71,2172.35,2162.74,2165.24,18769.129999999965
2026-03-19 08:00:00+00:00,2165.24,2169.97,2160.24,2164.68,15979.969999999976
2026-03-19 08:15:00+00:00,2164.68,2167.87,2157.07,2158.23,13145.639999999978
2026-03-19 08:30:00+00:00,2158.23,2165.92,2156.94,2159.71,17028.53999999997
2026-03-19 08:45:00+00:00,2159.71,2164.13,2157.43,2159.61,11874.43999999998
2026-03-19 09:00:00+00:00,2159.61,2167.18,2159.4,2163.04,11508.809999999976
2026-03-19 09:15:00+00:00,2163.04,2187.97,2161.78,2178.5,32963.03000000003
2026-03-19 09:30:00+00:00,2178.5,2185.51,2175.16,2181.73,14222.269999999971
2026-03-19 09:45:00+00:00,2181.73,2189.89,2180.13,2187.61,15136.009999999977
2026-03-19 10:00:00+00:00,2187.61,2190.74,2181.86,2183.18,15913.109999999991
2026-03-19 10:15:00+00:00,2183.18,2186.0,2180.3,2181.11,7339.029999999989
2026-03-19 10:30:00+00:00,2181.11,2181.69,2175.21,2177.18,13157.85999999998
2026-03-19 10:45:00+00:00,2177.18,2177.62,2171.46,2171.61,10041.919999999973
2026-03-19 11:00:00+00:00,2171.61,2175.43,2166.21,2169.5,11145.03999999998
2026-03-19 11:15:00+00:00,2169.5,2174.83,2167.87,2173.78,11024.859999999982
2026-03-19 11:30:00+00:00,2173.78,2176.68,2164.9,2166.55,13817.48999999998
2026-03-19 11:45:00+00:00,2166.55,2169.07,2164.72,2166.01,10831.669999999982
2026-03-19 12:00:00+00:00,2166.01,2166.59,2154.85,2161.13,32025.239999999976
2026-03-19 12:15:00+00:00,2161.13,2161.71,2152.36,2154.7,16578.189999999973
2026-03-19 12:30:00+00:00,2154.7,2157.45,2152.13,2153.05,16616.17999999998
2026-03-19 12:45:00+00:00,2153.05,2153.32,2129.05,2131.08,65734.96000000005
2026-03-19 13:00:00+00:00,2131.08,2135.23,2116.62,2118.59,59820.29000000007
2026-03-19 13:15:00+00:00,2118.59,2136.25,2116.4,2128.76,36305.89
2026-03-19 13:30:00+00:00,2128.76,2141.04,2110.3,2137.32,52245.480000000025
2026-03-19 13:45:00+00:00,2137.32,2142.48,2126.9,2136.26,32562.649999999987
2026-03-19 14:00:00+00:00,2136.26,2146.07,2124.88,2125.57,24342.37999999997
2026-03-19 14:15:00+00:00,2125.57,2128.18,2107.33,2108.46,32929.420000000006
2026-03-19 14:30:00+00:00,2108.46,2116.91,2101.32,2113.74,49591.840000000055
2026-03-19 14:45:00+00:00,2113.74,2130.49,2110.17,2120.57,35916.890000000014
2026-03-19 15:00:00+00:00,2120.57,2135.61,2119.34,2127.41,25451.219999999987
2026-03-19 15:15:00+00:00,2127.41,2134.26,2109.45,2111.23,30714.06000000001
2026-03-19 15:30:00+00:00,2111.23,2115.53,2103.29,2103.86,20217.799999999974
2026-03-19 15:45:00+00:00,2103.86,2125.97,2098.11,2117.57,41390.42
2026-03-19 16:00:00+00:00,2117.57,2121.18,2111.72,2114.69,20198.34999999996
2026-03-19 16:15:00+00:00,2114.69,2116.3,2105.46,2111.71,36531.3
2026-03-19 16:30:00+00:00,2111.71,2120.75,2105.83,2115.85,17762.78999999999
2026-03-19 16:45:00+00:00,2115.85,2116.89,2107.21,2113.97,10870.87999999998
2026-03-19 17:00:00+00:00,2113.97,2115.48,2103.59,2108.4,13442.60999999999
2026-03-19 17:15:00+00:00,2108.4,2126.6,2105.97,2124.33,26830.98000000001
2026-03-19 17:30:00+00:00,2124.33,2127.84,2113.91,2116.53,13764.21999999999
2026-03-19 17:45:00+00:00,2116.53,2130.91,2115.23,2126.06,11972.509999999987
2026-03-19 18:00:00+00:00,2126.06,2128.22,2120.97,2124.63,9291.30999999998
2026-03-19 18:15:00+00:00,2124.63,2126.29,2116.78,2117.65,7876.979999999991
2026-03-19 18:30:00+00:00,2117.65,2119.16,2112.98,2115.67,8164.289999999987
2026-03-19 18:45:00+00:00,2115.67,2125.16,2113.3,2123.96,9282.379999999985
2026-03-19 19:00:00+00:00,2123.96,2150.51,2123.65,2140.78,44252.66000000005
2026-03-19 19:15:00+00:00,2140.78,2155.87,2137.71,2143.74,29161.909999999974
2026-03-19 19:30:00+00:00,2143.74,2146.7,2136.65,2144.24,13203.669999999976
2026-03-19 19:45:00+00:00,2144.24,2146.97,2137.45,2140.37,8284.949999999983
2026-03-19 20:00:00+00:00,2140.37,2143.62,2138.29,2143.18,5259.689999999995
2026-03-19 20:15:00+00:00,2143.18,2148.39,2138.15,2139.46,9857.449999999995
2026-03-19 20:30:00+00:00,2139.46,2151.72,2138.76,2146.26,8845.559999999987
2026-03-19 20:45:00+00:00,2146.26,2147.64,2142.07,2144.99,5975.179999999993
2026-03-19 21:00:00+00:00,2144.99,2154.19,2144.27,2152.48,9632.769999999986
2026-03-19 21:15:00+00:00,2152.48,2152.48,2144.32,2147.38,6913.249999999991
2026-03-19 21:30:00+00:00,2147.38,2149.69,2144.85,2147.43,4146.049999999996
2026-03-19 21:45:00+00:00,2147.43,2152.09,2144.2,2148.65,6133.869999999991
2026-03-19 22:00:00+00:00,2148.65,2150.73,2142.1,2149.16,6878.459999999988
2026-03-19 22:15:00+00:00,2149.16,2151.24,2145.82,2148.28,3268.049999999999
2026-03-19 22:30:00+00:00,2148.28,2149.24,2131.41,2137.63,13331.75999999999
2026-03-19 22:45:00+00:00,2137.63,2140.9,2133.98,2139.01,6598.919999999995
2026-03-19 23:00:00+00:00,2139.01,2146.33,2139.01,2145.1,6450.739999999994
2026-03-19 23:15:00+00:00,2145.1,2145.1,2135.28,2141.36,7480.569999999987
2026-03-19 23:30:00+00:00,2141.36,2143.39,2129.77,2133.48,8682.209999999988
2026-03-19 23:45:00+00:00,2133.48,2138.54,2132.26,2136.65,6144.609999999993
2026-03-20 00:00:00+00:00,2136.65,2145.3,2133.69,2143.31,8610.589999999984
2026-03-20 00:15:00+00:00,2143.31,2147.27,2137.14,2141.92,9058.659999999983
2026-03-20 00:30:00+00:00,2141.92,2147.88,2140.24,2144.79,8970.699999999993
2026-03-20 00:45:00+00:00,2144.79,2146.97,2141.49,2144.11,4294.969999999996
2026-03-20 01:00:00+00:00,2144.11,2152.81,2143.6,2150.81,11245.73999999999
2026-03-20 01:15:00+00:00,2150.81,2151.96,2145.97,2148.45,7959.639999999993
2026-03-20 01:30:00+00:00,2148.45,2159.64,2148.44,2157.66,15586.599999999984
2026-03-20 01:45:00+00:00,2157.66,2159.36,2149.56,2149.57,8512.43999999998
2026-03-20 02:00:00+00:00,2149.57,2150.49,2143.42,2144.39,8803.799999999983
2026-03-20 02:15:00+00:00,2144.39,2144.81,2135.67,2138.07,12249.149999999974
2026-03-20 02:30:00+00:00,2138.07,2142.88,2131.33,2142.03,13165.649999999989
2026-03-20 02:45:00+00:00,2142.03,2148.43,2138.63,2143.15,10314.94999999998
2026-03-20 03:00:00+00:00,2143.15,2147.79,2142.15,2144.19,5007.889999999994
2026-03-20 03:15:00+00:00,2144.19,2151.95,2143.66,2151.72,6446.35999999999
2026-03-20 03:30:00+00:00,2151.72,2155.97,2146.8,2147.63,11521.30999999998
2026-03-20 03:45:00+00:00,2147.63,2153.16,2146.38,2150.16,6061.159999999993
2026-03-20 04:00:00+00:00,2150.16,2157.81,2148.32,2156.2,11878.57999999999
2026-03-20 04:15:00+00:00,2156.2,2156.2,2151.06,2153.22,5153.919999999995
2026-03-20 04:30:00+00:00,2153.22,2153.57,2138.5,2139.29,17878.579999999976
2026-03-20 04:45:00+00:00,2139.29,2148.18,2138.7,2147.32,9547.459999999985
2026-03-20 05:00:00+00:00,2147.32,2150.27,2144.13,2149.69,6998.099999999989
2026-03-20 05:15:00+00:00,2149.69,2150.33,2140.63,2142.12,6503.099999999991
2026-03-20 05:30:00+00:00,2142.12,2144.65,2136.59,2143.5,12192.139999999974
2026-03-20 05:45:00+00:00,2143.5,2144.88,2137.1,2139.29,7335.699999999992
2026-03-20 06:00:00+00:00,2139.29,2140.77,2135.4,2137.87,10011.879999999985
2026-03-20 06:15:00+00:00,2137.87,2137.96,2132.27,2136.53,8848.249999999987
2026-03-20 06:30:00+00:00,2136.53,2139.42,2130.9,2135.67,9647.62999999999
2026-03-20 06:45:00+00:00,2135.67,2138.33,2134.64,2135.62,5003.809999999996
2026-03-20 07:00:00+00:00,2135.62,2135.62,2120.32,2127.31,28538.89
2026-03-20 07:15:00+00:00,2127.31,2141.45,2126.76,2137.29,13258.459999999988
2026-03-20 07:30:00+00:00,2137.29,2151.97,2135.51,2151.49,23316.519999999982
2026-03-20 07:45:00+00:00,2151.49,2152.56,2147.7,2149.31,16414.589999999964
2026-03-20 08:00:00+00:00,2149.31,2175.65,2145.23,2169.65,40864.13000000004
2026-03-20 08:15:00+00:00,2169.65,2169.96,2161.47,2163.79,24292.669999999976
2026-03-20 08:30:00+00:00,2163.79,2166.91,2160.08,2163.04,11353.469999999978
2026-03-20 08:45:00+00:00,2163.04,2165.02,2159.53,2163.17,9474.84999999998
2026-03-20 09:00:00+00:00,2163.17,2163.17,2153.39,2153.54,16035.359999999968
2026-03-20 09:15:00+00:00,2153.54,2154.73,2138.16,2141.21,24803.35
2026-03-20 09:30:00+00:00,2141.21,2147.12,2141.21,2144.52,13919.009999999987
2026-03-20 09:45:00+00:00,2144.52,2145.02,2133.63,2139.97,14074.789999999972
2026-03-20 10:00:00+00:00,2139.97,2140.46,2131.02,2134.08,13703.979999999974
2026-03-20 10:15:00+00:00,2134.08,2137.38,2130.23,2134.67,12141.94999999998
2026-03-20 10:30:00+00:00,2134.67,2149.89,2134.32,2146.53,17988.40999999998
2026-03-20 10:45:00+00:00,2146.53,2149.33,2145.37,2147.07,8763.979999999985
2026-03-20 11:00:00+00:00,2147.07,2157.64,2145.6,2156.63,15871.059999999983
2026-03-20 11:15:00+00:00,2156.63,2156.86,2147.73,2148.75,10320.679999999986
2026-03-20 11:30:00+00:00,2148.75,2149.81,2133.6,2138.25,19649.34
2026-03-20 11:45:00+00:00,2138.25,2141.22,2135.98,2140.55,9466.22999999998
2026-03-20 12:00:00+00:00,2140.55,2151.82,2139.11,2144.66,17276.719999999983
2026-03-20 12:15:00+00:00,2144.66,2147.66,2138.92,2141.58,8870.389999999981
2026-03-20 12:30:00+00:00,2141.58,2141.85,2133.9,2138.22,10895.209999999975
2026-03-20 12:45:00+00:00,2138.22,2141.47,2135.52,2139.94,5661.459999999992
2026-03-20 13:00:00+00:00,2139.94,2144.3,2134.35,2137.8,12235.76999999998
2026-03-20 13:15:00+00:00,2137.8,2151.77,2136.94,2145.84,14267.899999999996
2026-03-20 13:30:00+00:00,2145.84,2145.84,2122.03,2139.87,41182.61000000002
2026-03-20 13:45:00+00:00,2139.87,2142.27,2123.93,2126.24,26315.879999999976
2026-03-20 14:00:00+00:00,2126.24,2134.63,2115.21,2123.86,38675.290000000015
2026-03-20 14:15:00+00:00,2123.86,2140.41,2118.24,2134.71,43112.75000000003
2026-03-20 14:30:00+00:00,2134.71,2146.64,2134.58,2135.78,30243.460000000003
2026-03-20 14:45:00+00:00,2135.78,2138.85,2124.99,2128.12,18005.079999999958
2026-03-20 15:00:00+00:00,2128.12,2134.73,2119.33,2129.17,27448.14999999999
2026-03-20 15:15:00+00:00,2129.17,2137.85,2120.98,2129.32,21061.039999999983
2026-03-20 15:30:00+00:00,2129.32,2134.43,2125.98,2131.47,10987.269999999982
2026-03-20 15:45:00+00:00,2131.47,2136.19,2128.21,2133.14,8023.699999999984
2026-03-20 16:00:00+00:00,2133.14,2141.55,2132.62,2138.36,14837.529999999972
2026-03-20 16:15:00+00:00,2138.36,2144.02,2134.62,2139.44,13825.219999999974
2026-03-20 16:30:00+00:00,2139.44,2139.58,2129.52,2133.98,10408.249999999984
2026-03-20 16:45:00+00:00,2133.98,2139.72,2129.56,2136.3,9532.809999999989
2026-03-20 17:00:00+00:00,2136.3,2140.22,2130.69,2132.15,10942.989999999989
2026-03-20 17:15:00+00:00,2132.15,2134.81,2129.48,2129.97,9547.50999999998
2026-03-20 17:30:00+00:00,2129.97,2131.22,2118.59,2123.97,26891.720000000016
2026-03-20 17:45:00+00:00,2123.97,2139.19,2122.76,2135.89,17731.109999999986
2026-03-20 18:00:00+00:00,2135.89,2136.68,2131.46,2134.34,12275.359999999975
2026-03-20 18:15:00+00:00,2134.34,2135.36,2123.12,2124.45,13597.509999999984
2026-03-20 18:30:00+00:00,2124.45,2126.31,2116.34,2122.65,21650.409999999974
2026-03-20 18:45:00+00:00,2122.65,2128.21,2119.2,2122.24,9493.619999999984
2026-03-20 19:00:00+00:00,2122.24,2127.13,2119.98,2124.86,8746.529999999984
2026-03-20 19:15:00+00:00,2124.86,2127.48,2121.12,2124.23,5230.099999999992
2026-03-20 19:30:00+00:00,2124.23,2128.94,2116.26,2128.31,18606.65999999999
2026-03-20 19:45:00+00:00,2128.31,2133.82,2122.98,2131.7,16468.239999999976
2026-03-20 20:00:00+00:00,2131.7,2135.67,2130.19,2134.0,11143.25999999998
2026-03-20 20:15:00+00:00,2134.0,2134.05,2128.3,2129.92,6920.679999999993
2026-03-20 20:30:00+00:00,2129.92,2130.27,2122.88,2127.52,8596.069999999982
2026-03-20 20:45:00+00:00,2127.52,2134.53,2126.16,2132.07,7383.909999999987
2026-03-20 21:00:00+00:00,2132.07,2133.9,2129.62,2133.29,6519.200000000005
2026-03-20 21:15:00+00:00,2133.29,2152.76,2132.91,2151.19,27769.840000000004
2026-03-20 21:30:00+00:00,2151.19,2157.57,2142.22,2143.97,17029.57999999998
2026-03-20 21:45:00+00:00,2143.97,2149.05,2143.31,2146.67,4805.029999999998
2026-03-20 22:00:00+00:00,2146.67,2167.37,2146.67,2159.62,18046.31999999997
2026-03-20 22:15:00+00:00,2159.62,2161.97,2154.83,2155.56,5695.919999999991
2026-03-20 22:30:00+00:00,2155.56,2157.22,2152.52,2153.31,6840.709999999994
2026-03-20 22:45:00+00:00,2153.31,2158.58,2151.28,2153.5,7571.859999999988
2026-03-20 23:00:00+00:00,2153.5,2154.65,2143.97,2143.99,11245.099999999984
2026-03-20 23:15:00+00:00,2143.99,2147.85,2141.87,2145.78,6118.119999999992
2026-03-20 23:30:00+00:00,2145.78,2147.38,2144.38,2145.09,3729.339999999997
2026-03-20 23:45:00+00:00,2145.09,2147.34,2143.72,2145.06,3393.3299999999954
2026-03-21 00:00:00+00:00,2145.06,2148.69,2143.07,2145.64,5736.759999999991
2026-03-21 00:15:00+00:00,2145.64,2155.69,2144.82,2149.77,8747.889999999987
2026-03-21 00:30:00+00:00,2149.77,2153.02,2147.56,2149.15,4603.419999999994
2026-03-21 00:45:00+00:00,2149.15,2152.8,2148.18,2152.44,3187.659999999999
2026-03-21 01:00:00+00:00,2152.44,2158.97,2150.86,2154.39,7233.3699999999935
2026-03-21 01:15:00+00:00,2154.39,2154.89,2150.34,2152.35,4070.069999999996
2026-03-21 01:30:00+00:00,2152.35,2152.44,2148.2,2148.39,5438.749999999994
2026-03-21 01:45:00+00:00,2148.39,2149.97,2146.48,2146.59,3984.859999999997
2026-03-21 02:00:00+00:00,2146.59,2149.22,2145.11,2147.38,3680.549999999997
2026-03-21 02:15:00+00:00,2147.38,2152.24,2147.27,2151.01,3988.419999999997
2026-03-21 02:30:00+00:00,2151.01,2153.56,2148.66,2152.87,2856.7699999999995
2026-03-21 02:45:00+00:00,2152.87,2155.51,2151.73,2154.13,4641.919999999996
2026-03-21 03:00:00+00:00,2154.13,2154.97,2151.51,2152.86,3440.8399999999983
2026-03-21 03:15:00+00:00,2152.86,2153.16,2151.08,2152.18,3253.449999999999
2026-03-21 03:30:00+00:00,2152.18,2152.19,2149.75,2151.2,2738.5099999999998
2026-03-21 03:45:00+00:00,2151.2,2153.3,2150.89,2152.38,1937.270000000001
2026-03-21 04:00:00+00:00,2152.38,2157.38,2152.38,2154.51,6962.289999999986
2026-03-21 04:15:00+00:00,2154.51,2156.94,2153.58,2155.34,3401.949999999997
2026-03-21 04:30:00+00:00,2155.34,2155.34,2149.2,2151.15,7800.809999999996
2026-03-21 04:45:00+00:00,2151.15,2151.94,2150.57,2150.79,1889.1600000000008
2026-03-21 05:00:00+00:00,2150.79,2154.2,2150.79,2152.41,2559.819999999998
2026-03-21 05:15:00+00:00,2152.41,2155.46,2152.41,2154.84,3974.6399999999967
2026-03-21 05:30:00+00:00,2154.84,2156.78,2152.69,2154.14,3481.1699999999973
2026-03-21 05:45:00+00:00,2154.14,2154.3,2151.44,2152.12,3814.039999999996
2026-03-21 06:00:00+00:00,2152.12,2153.1,2150.37,2151.57,2905.5499999999997
2026-03-21 06:15:00+00:00,2151.57,2153.91,2151.01,2153.71,3403.549999999998
2026-03-21 06:30:00+00:00,2153.71,2155.18,2153.16,2154.38,2865.88
2026-03-21 06:45:00+00:00,2154.38,2154.65,2153.06,2154.63,2120.459999999998
2026-03-21 07:00:00+00:00,2154.63,2155.4,2153.3,2154.85,2633.97
2026-03-21 07:15:00+00:00,2154.85,2160.55,2153.98,2158.98,8559.079999999985
2026-03-21 07:30:00+00:00,2158.98,2159.04,2155.67,2156.48,3946.379999999997
2026-03-21 07:45:00+00:00,2156.48,2156.48,2152.5,2154.37,4670.269999999996
2026-03-21 08:00:00+00:00,2154.37,2156.21,2153.66,2155.03,3673.349999999998
2026-03-21 08:15:00+00:00,2155.03,2155.29,2149.36,2149.37,10475.209999999985
2026-03-21 08:30:00+00:00,2149.37,2153.17,2148.5,2152.54,6078.56999999999
2026-03-21 08:45:00+00:00,2152.54,2153.81,2151.45,2153.02,2652.6799999999985
2026-03-21 09:00:00+00:00,2153.02,2157.64,2152.75,2156.69,8618.459999999986
2026-03-21 09:15:00+00:00,2156.69,2156.69,2153.87,2154.01,2878.63
2026-03-21 09:30:00+00:00,2154.01,2157.99,2153.93,2156.81,4415.779999999993
2026-03-21 09:45:00+00:00,2156.81,2157.97,2156.19,2157.51,3319.2599999999966
2026-03-21 10:00:00+00:00,2157.51,2158.17,2154.86,2155.06,4051.9999999999945
2026-03-21 10:15:00+00:00,2155.06,2155.06,2152.57,2154.1,5080.959999999997
2026-03-21 10:30:00+00:00,2154.1,2156.11,2153.8,2154.38,4016.259999999994
2026-03-21 10:45:00+00:00,2154.38,2154.38,2151.92,2153.11,3547.479999999997
2026-03-21 11:00:00+00:00,2153.11,2153.51,2152.02,2152.02,2829.749999999999
2026-03-21 11:15:00+00:00,2152.02,2155.25,2151.8,2154.41,3756.419999999997
2026-03-21 11:30:00+00:00,2154.41,2156.29,2153.07,2155.86,3706.7999999999993
2026-03-21 11:45:00+00:00,2155.86,2156.88,2155.02,2156.55,3460.8699999999985
2026-03-21 12:00:00+00:00,2156.55,2158.52,2156.55,2157.85,6837.649999999988
2026-03-21 12:15:00+00:00,2157.85,2159.87,2156.57,2158.51,5214.159999999993
2026-03-21 12:30:00+00:00,2158.51,2158.63,2156.31,2157.56,3559.0999999999976
2026-03-21 12:45:00+00:00,2157.56,2157.96,2155.77,2156.98,2934.58
2026-03-21 13:00:00+00:00,2156.98,2157.44,2155.88,2156.54,2977.38
2026-03-21 13:15:00+00:00,2156.54,2158.87,2154.63,2155.0,3990.979999999996
2026-03-21 13:30:00+00:00,2155.0,2156.74,2153.91,2154.17,3837.8899999999967
2026-03-21 13:45:00+00:00,2154.17,2155.51,2153.85,2154.91,2788.949999999999
2026-03-21 14:00:00+00:00,2154.91,2167.52,2154.72,2163.9,15878.480000000014
2026-03-21 14:15:00+00:00,2163.9,2165.68,2160.02,2161.0,10604.789999999985
2026-03-21 14:30:00+00:00,2161.0,2164.31,2159.67,2160.36,6277.679999999991
2026-03-21 14:45:00+00:00,2160.36,2160.37,2149.46,2151.05,18855.44999999997
2026-03-21 15:00:00+00:00,2151.05,2153.39,2149.63,2152.9,11282.739999999983
2026-03-21 15:15:00+00:00,2152.9,2153.28,2145.25,2151.8,14040.399999999996
2026-03-21 15:30:00+00:00,2151.8,2156.86,2151.1,2153.09,7812.809999999985
2026-03-21 15:45:00+00:00,2153.09,2155.01,2152.48,2154.24,3807.789999999996
2026-03-21 16:00:00+00:00,2154.24,2154.6,2150.47,2151.2,6401.699999999993
2026-03-21 16:15:00+00:00,2151.2,2153.44,2145.57,2147.62,8576.749999999989
2026-03-21 16:30:00+00:00,2147.62,2150.21,2146.06,2147.63,4841.169999999995
2026-03-21 16:45:00+00:00,2147.63,2149.92,2143.31,2145.62,6289.539999999998
2026-03-21 17:00:00+00:00,2145.62,2147.69,2141.52,2143.82,6942.679999999992
2026-03-21 17:15:00+00:00,2143.82,2147.68,2142.86,2146.74,4582.689999999997
2026-03-21 17:30:00+00:00,2146.74,2149.42,2146.73,2148.56,3941.959999999997
2026-03-21 17:45:00+00:00,2148.56,2149.7,2146.15,2147.24,2608.75
2026-03-21 18:00:00+00:00,2147.24,2148.94,2146.49,2148.83,2212.26
2026-03-21 18:15:00+00:00,2148.83,2151.84,2148.32,2150.22,5267.149999999992
2026-03-21 18:30:00+00:00,2150.22,2154.68,2150.22,2153.82,6944.059999999993
2026-03-21 18:45:00+00:00,2153.82,2153.82,2149.13,2150.13,4224.109999999994
2026-03-21 19:00:00+00:00,2150.13,2151.99,2150.12,2151.14,1379.3100000000004
2026-03-21 19:15:00+00:00,2151.14,2152.27,2150.01,2151.37,1683.270000000001
2026-03-21 19:30:00+00:00,2151.37,2151.57,2148.09,2149.31,1834.18
2026-03-21 19:45:00+00:00,2149.31,2151.71,2149.31,2151.22,1846.749999999999
2026-03-21 20:00:00+00:00,2151.22,2152.42,2149.79,2151.61,2495.86
2026-03-21 20:15:00+00:00,2151.61,2154.11,2149.49,2152.91,3292.259999999997
2026-03-21 20:30:00+00:00,2152.91,2155.87,2152.82,2154.49,9249.560000000003
2026-03-21 20:45:00+00:00,2154.49,2155.6,2153.71,2154.59,3050.0599999999986
2026-03-21 21:00:00+00:00,2154.59,2156.14,2152.32,2153.52,3856.029999999995
2026-03-21 21:15:00+00:00,2153.52,2154.13,2152.42,2153.18,1815.4700000000005
2026-03-21 21:30:00+00:00,2153.18,2155.57,2152.43,2154.01,2136.87
2026-03-21 21:45:00+00:00,2154.01,2155.08,2151.12,2152.68,2332.0499999999984
2026-03-21 22:00:00+00:00,2152.68,2152.71,2149.04,2151.57,4288.539999999995
2026-03-21 22:15:00+00:00,2151.57,2151.81,2149.18,2149.42,1796.3900000000003
2026-03-21 22:30:00+00:00,2149.42,2152.49,2149.15,2150.59,2355.6400000000003
2026-03-21 22:45:00+00:00,2150.59,2150.6,2148.4,2148.79,2694.029999999999
2026-03-21 23:00:00+00:00,2148.79,2149.01,2143.94,2145.22,5763.359999999987
2026-03-21 23:15:00+00:00,2145.22,2146.93,2143.34,2143.38,4204.129999999995
2026-03-21 23:30:00+00:00,2143.38,2146.87,2143.02,2145.76,4316.129999999995
2026-03-21 23:45:00+00:00,2145.76,2145.96,2069.19,2083.29,81252.67000000011
2026-03-22 00:00:00+00:00,2083.29,2083.81,2048.54,2070.59,40945.750000000015
2026-03-22 00:15:00+00:00,2070.59,2085.04,2068.83,2084.63,24853.509999999984
2026-03-22 00:30:00+00:00,2084.63,2094.02,2084.63,2089.43,25485.169999999976
2026-03-22 00:45:00+00:00,2089.43,2093.56,2079.01,2086.22,17486.809999999983
2026-03-22 01:00:00+00:00,2086.22,2093.08,2082.23,2086.98,15128.54999999997
2026-03-22 01:15:00+00:00,2086.98,2091.69,2084.52,2088.95,9105.75999999998
2026-03-22 01:30:00+00:00,2088.95,2090.66,2080.65,2082.91,11933.719999999978
2026-03-22 01:45:00+00:00,2082.91,2091.03,2082.91,2089.97,8341.499999999993
2026-03-22 02:00:00+00:00,2089.97,2091.77,2086.57,2090.22,8233.119999999988
2026-03-22 02:15:00+00:00,2090.22,2108.18,2087.88,2104.31,14942.220000000012
2026-03-22 02:30:00+00:00,2104.31,2105.36,2097.98,2099.26,14266.769999999977
2026-03-22 02:45:00+00:00,2099.26,2105.17,2096.87,2101.13,9122.799999999985
2026-03-22 03:00:00+00:00,2101.13,2104.84,2096.96,2103.02,7698.569999999987
2026-03-22 03:15:00+00:00,2103.02,2117.91,2101.57,2112.98,12164.260000000002
2026-03-22 03:30:00+00:00,2112.98,2126.17,2111.58,2117.12,24612.30000000001
2026-03-22 03:45:00+00:00,2117.12,2117.9,2111.42,2112.84,10058.03999999998
2026-03-22 04:00:00+00:00,2112.84,2121.28,2112.41,2115.14,10676.349999999984
2026-03-22 04:15:00+00:00,2115.14,2121.82,2105.78,2111.53,20411.36
2026-03-22 04:30:00+00:00,2111.53,2118.76,2109.08,2115.87,10798.039999999985
2026-03-22 04:45:00+00:00,2115.87,2120.89,2115.87,2118.4,10911.649999999994
2026-03-22 05:00:00+00:00,2118.4,2119.33,2115.2,2117.28,6454.51999999999
2026-03-22 05:15:00+00:00,2117.28,2118.56,2113.89,2115.49,9579.079999999987
2026-03-22 05:30:00+00:00,2115.49,2117.26,2113.42,2113.48,6750.419999999993
2026-03-22 05:45:00+00:00,2113.48,2116.61,2111.53,2112.03,7047.529999999987
2026-03-22 06:00:00+00:00,2112.03,2112.03,2106.51,2109.0,11348.62999999998
2026-03-22 06:15:00+00:00,2109.0,2111.36,2106.84,2111.36,5163.679999999995
2026-03-22 06:30:00+00:00,2111.36,2112.48,2108.45,2110.87,3766.279999999995
2026-03-22 06:45:00+00:00,2110.87,2110.87,2106.52,2107.62,4592.709999999995
2026-03-22 07:00:00+00:00,2107.62,2111.18,2106.94,2108.41,4912.319999999992
2026-03-22 07:15:00+00:00,2108.41,2111.27,2108.41,2109.89,2814.6900000000005
2026-03-22 07:30:00+00:00,2109.89,2109.89,2096.47,2097.82,24131.050000000003
2026-03-22 07:45:00+00:00,2097.82,2103.4,2092.16,2092.78,18749.47999999999
2026-03-22 08:00:00+00:00,2092.78,2094.98,2082.51,2091.24,32173.64000000001
2026-03-22 08:15:00+00:00,2091.24,2091.29,2072.98,2076.15,23861.100000000013
2026-03-22 08:30:00+00:00,2076.15,2083.98,2075.2,2082.07,14134.729999999969
2026-03-22 08:45:00+00:00,2082.07,2086.73,2080.9,2085.26,10777.43999999998
2026-03-22 09:00:00+00:00,2085.26,2091.25,2083.98,2090.83,11734.31999999998
2026-03-22 09:15:00+00:00,2090.83,2094.32,2078.33,2080.37,17887.059999999998
2026-03-22 09:30:00+00:00,2080.37,2085.95,2080.36,2083.83,6104.999999999992
2026-03-22 09:45:00+00:00,2083.83,2085.7,2080.89,2084.03,6241.589999999995
2026-03-22 10:00:00+00:00,2084.03,2085.75,2079.52,2082.18,5470.899999999994
2026-03-22 10:15:00+00:00,2082.18,2083.34,2078.69,2081.98,4470.359999999997
2026-03-22 10:30:00+00:00,2081.98,2083.7,2076.0,2078.85,8970.699999999988
2026-03-22 10:45:00+00:00,2078.85,2082.07,2077.91,2080.11,5002.149999999991
2026-03-22 11:00:00+00:00,2080.11,2082.82,2077.66,2080.7,6124.479999999991
2026-03-22 11:15:00+00:00,2080.7,2082.42,2073.47,2075.14,9569.759999999982
2026-03-22 11:30:00+00:00,2075.14,2079.97,2065.88,2074.02,17403.60999999999
2026-03-22 11:45:00+00:00,2074.02,2074.97,2065.8,2068.91,15580.869999999968
2026-03-22 12:00:00+00:00,2068.91,2073.42,2067.09,2072.68,10731.18999999998
2026-03-22 12:15:00+00:00,2072.68,2087.06,2071.63,2083.34,24603.73999999999
2026-03-22 12:30:00+00:00,2083.34,2083.5,2079.63,2081.36,8583.99999999998
2026-03-22 12:45:00+00:00,2081.36,2084.29,2077.07,2081.38,9189.459999999985
2026-03-22 13:00:00+00:00,2081.38,2090.74,2081.12,2085.25,17745.919999999995
2026-03-22 13:15:00+00:00,2085.25,2088.41,2083.33,2084.74,8078.959999999983
2026-03-22 13:30:00+00:00,2084.74,2086.64,2071.57,2075.27,14830.129999999986
2026-03-22 13:45:00+00:00,2075.27,2079.72,2073.78,2077.57,8366.879999999981
2026-03-22 14:00:00+00:00,2077.57,2079.67,2070.57,2078.22,10607.669999999996
2026-03-22 14:15:00+00:00,2078.22,2084.22,2076.06,2079.7,8802.389999999987
2026-03-22 14:30:00+00:00,2079.7,2083.73,2077.16,2080.47,8367.649999999983
2026-03-22 14:45:00+00:00,2080.47,2080.47,2074.29,2077.0,5418.779999999993
2026-03-22 15:00:00+00:00,2077.0,2082.38,2076.99,2081.4,5462.589999999991
2026-03-22 15:15:00+00:00,2081.4,2083.27,2076.14,2078.78,8541.079999999987
2026-03-22 15:30:00+00:00,2078.78,2079.42,2074.59,2079.37,8688.919999999991
2026-03-22 15:45:00+00:00,2079.37,2082.45,2077.51,2082.07,6848.199999999991
2026-03-22 16:00:00+00:00,2082.07,2083.74,2079.43,2080.66,4644.919999999992
2026-03-22 16:15:00+00:00,2080.66,2082.68,2077.53,2078.09,5568.279999999989
2026-03-22 16:30:00+00:00,2078.09,2081.36,2076.65,2079.13,5029.599999999995
2026-03-22 16:45:00+00:00,2079.13,2082.48,2079.12,2080.97,3242.299999999997
2026-03-22 17:00:00+00:00,2080.97,2082.15,2078.73,2081.93,3353.7999999999965
2026-03-22 17:15:00+00:00,2081.93,2083.49,2079.32,2080.94,5891.659999999992
2026-03-22 17:30:00+00:00,2080.94,2082.44,2076.2,2077.5,4685.829999999993
2026-03-22 17:45:00+00:00,2077.5,2080.49,2077.5,2078.47,3167.1699999999973
2026-03-22 18:00:00+00:00,2078.47,2079.51,2074.33,2079.01,5252.949999999995
2026-03-22 18:15:00+00:00,2079.01,2079.01,2075.62,2077.3,3373.509999999997
2026-03-22 18:30:00+00:00,2077.3,2078.97,2055.48,2064.01,23289.38999999999
2026-03-22 18:45:00+00:00,2064.01,2071.47,2063.37,2071.28,7165.479999999991
2026-03-22 19:00:00+00:00,2071.28,2071.7,2058.34,2060.06,12442.569999999989
2026-03-22 19:15:00+00:00,2060.06,2062.31,2057.86,2058.48,8302.349999999988
2026-03-22 19:30:00+00:00,2058.48,2066.38,2052.99,2064.4,12835.999999999978
2026-03-22 19:45:00+00:00,2064.4,2065.53,2057.81,2061.97,5347.449999999993
2026-03-22 20:00:00+00:00,2061.97,2067.75,2061.85,2066.08,5947.689999999988
2026-03-22 20:15:00+00:00,2066.08,2070.83,2061.75,2063.39,7944.209999999989
2026-03-22 20:30:00+00:00,2063.39,2065.65,2058.86,2064.71,5122.269999999993
2026-03-22 20:45:00+00:00,2064.71,2064.71,2054.79,2057.53,6703.269999999988
2026-03-22 21:00:00+00:00,2057.53,2059.52,2028.0,2038.35,28147.83999999999
2026-03-22 21:15:00+00:00,2038.35,2042.37,2024.41,2040.69,29484.249999999996
2026-03-22 21:30:00+00:00,2040.69,2047.71,2036.48,2044.06,11590.979999999974
2026-03-22 21:45:00+00:00,2044.06,2046.32,2038.42,2044.7,6217.679999999993
2026-03-22 22:00:00+00:00,2044.7,2051.48,2031.12,2041.9,25742.08999999997
2026-03-22 22:15:00+00:00,2041.9,2063.9,2040.18,2058.77,20649.59999999998
2026-03-22 22:30:00+00:00,2058.77,2061.97,2052.72,2053.76,12561.049999999976
2026-03-22 22:45:00+00:00,2053.76,2064.78,2053.76,2061.71,7607.769999999985
2026-03-22 23:00:00+00:00,2061.71,2072.89,2059.26,2068.09,19394.19999999999
2026-03-22 23:15:00+00:00,2068.09,2068.53,2058.99,2061.28,11939.029999999984
2026-03-22 23:30:00+00:00,2061.28,2064.12,2056.47,2059.49,8150.449999999984
2026-03-22 23:45:00+00:00,2059.49,2059.97,2049.73,2053.06,10361.719999999976
2026-03-23 00:00:00+00:00,2053.06,2062.29,2047.1,2056.36,14310.239999999969
2026-03-23 00:15:00+00:00,2056.36,2059.04,2050.78,2052.98,11519.62999999998
2026-03-23 00:30:00+00:00,2052.98,2053.83,2034.78,2044.99,28562.049999999967
2026-03-23 00:45:00+00:00,2044.99,2052.62,2040.72,2042.43,12809.049999999974
2026-03-23 01:00:00+00:00,2042.43,2055.27,2038.42,2049.83,11833.199999999975
2026-03-23 01:15:00+00:00,2049.83,2061.72,2049.69,2058.6,15210.899999999969
2026-03-23 01:30:00+00:00,2058.6,2061.01,2050.75,2053.86,8360.149999999985
2026-03-23 01:45:00+00:00,2053.86,2058.25,2046.41,2046.6,9031.89999999999
2026-03-23 02:00:00+00:00,2046.6,2057.51,2045.53,2048.34,13106.290000000005
2026-03-23 02:15:00+00:00,2048.34,2069.28,2046.53,2066.93,22601.390000000007
2026-03-23 02:30:00+00:00,2066.93,2067.47,2059.23,2059.23,10367.86999999998
2026-03-23 02:45:00+00:00,2059.23,2063.01,2056.4,2062.36,7691.059999999989
2026-03-23 03:00:00+00:00,2062.36,2071.48,2057.61,2058.24,11680.699999999975
2026-03-23 03:15:00+00:00,2058.24,2060.33,2054.61,2055.97,8471.899999999983
2026-03-23 03:30:00+00:00,2055.97,2057.08,2051.24,2054.98,6684.969999999987
2026-03-23 03:45:00+00:00,2054.98,2056.52,2050.66,2051.56,6221.349999999993
2026-03-23 04:00:00+00:00,2051.56,2054.54,2049.75,2051.82,7980.569999999982
2026-03-23 04:15:00+00:00,2051.82,2056.1,2050.67,2054.75,6812.619999999988
2026-03-23 04:30:00+00:00,2054.75,2060.39,2054.36,2055.03,7340.859999999987
2026-03-23 04:45:00+00:00,2055.03,2065.37,2054.91,2064.73,8013.989999999992
2026-03-23 05:00:00+00:00,2064.73,2069.88,2064.71,2069.65,14473.249999999976
2026-03-23 05:15:00+00:00,2069.65,2071.31,2062.89,2064.56,10351.199999999986
2026-03-23 05:30:00+00:00,2064.56,2069.16,2060.72,2062.46,7466.089999999986
2026-03-23 05:45:00+00:00,2062.46,2069.08,2059.79,2068.4,8079.939999999988
2026-03-23 06:00:00+00:00,2068.4,2068.4,2056.29,2057.71,12713.779999999972
2026-03-23 06:15:00+00:00,2057.71,2061.32,2053.9,2057.58,10074.799999999988
2026-03-23 06:30:00+00:00,2057.58,2058.07,2027.2,2032.47,44392.72999999999
2026-03-23 06:45:00+00:00,2032.47,2037.82,2027.54,2036.08,19521.09999999996
2026-03-23 07:00:00+00:00,2036.08,2038.24,2021.99,2036.14,28130.070000000007
2026-03-23 07:15:00+00:00,2036.14,2038.47,2025.14,2031.52,15129.069999999983
2026-03-23 07:30:00+00:00,2031.52,2048.8,2029.9,2046.71,20946.169999999976
2026-03-23 07:45:00+00:00,2046.71,2048.82,2042.28,2043.26,13292.739999999982
2026-03-23 08:00:00+00:00,2043.26,2055.82,2043.26,2055.57,16382.949999999986
2026-03-23 08:15:00+00:00,2055.57,2058.05,2050.88,2052.35,12924.219999999968
2026-03-23 08:30:00+00:00,2052.35,2056.82,2048.74,2050.31,8483.239999999983
2026-03-23 08:45:00+00:00,2050.31,2053.26,2043.42,2046.94,11525.389999999985
2026-03-23 09:00:00+00:00,2046.94,2048.17,2036.57,2041.82,14958.259999999984
2026-03-23 09:15:00+00:00,2041.82,2045.81,2038.03,2042.74,10316.309999999989
2026-03-23 09:30:00+00:00,2042.74,2042.78,2027.88,2037.47,23355.720000000005
2026-03-23 09:45:00+00:00,2037.47,2042.87,2036.98,2042.7,8445.669999999984
2026-03-23 10:00:00+00:00,2042.7,2053.37,2041.02,2048.94,16435.53999999997
2026-03-23 10:15:00+00:00,2048.94,2049.14,2041.2,2044.14,14231.409999999987
2026-03-23 10:30:00+00:00,2044.14,2045.1,2039.24,2043.69,5867.149999999996
2026-03-23 10:45:00+00:00,2043.69,2049.33,2040.11,2047.95,9265.21
2026-03-23 11:00:00+00:00,2047.95,2198.44,2047.95,2168.04,68679.5300000002
2026-03-23 11:15:00+00:00,2168.04,2189.21,2146.53,2167.21,79067.68000000018
2026-03-23 11:30:00+00:00,2167.21,2179.01,2153.33,2154.36,48109.550000000025
2026-03-23 11:45:00+00:00,2154.36,2156.26,2132.18,2133.94,81467.2000000001
2026-03-23 12:00:00+00:00,2133.94,2138.92,2106.36,2116.96,93965.51000000014
2026-03-23 12:15:00+00:00,2116.96,2133.02,2115.39,2124.35,38074.64000000003
2026-03-23 12:30:00+00:00,2124.35,2145.96,2119.82,2144.05,36239.11
2026-03-23 12:45:00+00:00,2144.05,2147.0,2138.99,2143.1,20902.809999999983
2026-03-23 13:00:00+00:00,2143.1,2153.07,2139.17,2145.14,21704.31999999998
2026-03-23 13:15:00+00:00,2145.14,2153.0,2144.74,2149.12,16580.509999999966
2026-03-23 13:30:00+00:00,2149.12,2176.86,2141.93,2168.23,45502.62000000003
2026-03-23 13:45:00+00:00,2168.23,2187.88,2162.97,2185.12,63571.03000000006
2026-03-23 14:00:00+00:00,2185.12,2192.03,2177.67,2180.61,45289.91000000005
2026-03-23 14:15:00+00:00,2180.61,2187.49,2174.78,2179.21,22784.209999999963
2026-03-23 14:30:00+00:00,2179.21,2182.35,2171.15,2174.58,25854.09999999998
2026-03-23 14:45:00+00:00,2174.58,2182.98,2168.28,2180.49,24376.01999999997
2026-03-23 15:00:00+00:00,2180.49,2187.42,2177.82,2177.91,20297.79999999998
2026-03-23 15:15:00+00:00,2177.91,2179.11,2162.15,2163.56,25051.879999999983
2026-03-23 15:30:00+00:00,2163.56,2166.18,2146.45,2149.35,34032.56
2026-03-23 15:45:00+00:00,2149.35,2156.95,2123.9,2127.63,73753.30000000006
2026-03-23 16:00:00+00:00,2127.63,2138.85,2126.88,2137.92,37875.25
